Sale_ID,Customer_Name,Product,Quantity,Sale_Price,Sale_Date,Region
SAL100000,Joel Ochoa,Keyboard,6,1150.41,2025-03-16,South
SAL100001,Danielle Chen,Camera,1,1533.1,2025-05-11,West
SAL100002,Veronica Bryant,Mouse,1,1982.68,2024-07-01,East
SAL100003,Amy Lawson,Mouse,1,517.27,2024-06-29,South
SAL100004,John Griffin,Phone,3,494.09,2024-09-02,Central
SAL100005,Justin Murphy,Keyboard,1,665.55,2025-02-17,North
SAL100006,Jesse Stein,Mouse,9,868.42,2025-03-18,North
SAL100007,Beverly Turner,Mouse,1,399.78,2024-09-02,West
SAL100008,George Blackburn,Printer,5,1217.12,2024-06-30,East
SAL100009,Nicole Mcguire,Monitor,3,118.41,2025-03-10,West
SAL100010,Zachary Green,Mouse,2,304.28,2025-06-09,West
SAL100011,William White,Camera,4,1399.54,2025-03-23,West
SAL100012,Gregory Schaefer,Tablet,5,1085.05,2024-09-08,Central
SAL100013,James Fuller,Camera,9,1768.22,2024-07-03,East
SAL100014,Robert Lindsey,Camera,9,316.53,2025-04-03,South
SAL100015,Alexander Woods,Mouse,5,800.97,2024-11-26,North
SAL100016,Joshua Garcia,Phone,4,171.92,2024-08-15,East
SAL100017,Laura Wallace,Laptop,9,1096.44,2025-02-04,North
SAL100018,Brian Johnson,Mouse,1,105.56,2024-11-14,South
SAL100019,Sara Casey MD,Monitor,5,1377.08,2025-04-28,West
SAL100020,Eric Lewis,Phone,9,1195.86,2025-04-29,South
SAL100021,Linda Martinez,Monitor,6,1201.55,2024-08-01,East
SAL100022,Kristina Miller,Mouse,7,997.68,2025-03-22,West
SAL100023,Debra Mcmahon,Printer,2,734.3,2024-09-07,South
SAL100024,Joshua White,Monitor,7,634.61,2025-04-13,West
SAL100025,Frank James,Monitor,4,1393.56,2025-05-08,Central
SAL100026,Brittany Brock,Printer,7,524.15,2024-10-25,West
SAL100027,Daniel Ford,Mouse,6,988.3,2025-01-01,West
SAL100028,Michael Mann MD,Phone,7,991.01,2025-05-16,South
SAL100029,Dr. April Robinson,Phone,7,1583.75,2025-05-25,Central
SAL100030,Erin Guerrero,Laptop,4,215.76,2024-10-06,East
SAL100031,Johnny Carter,Camera,9,454.64,2024-12-22,West
SAL100032,Kayla Richards,Printer,2,913.75,2024-12-26,West
SAL100033,Mitchell Spencer,Laptop,1,673.31,2024-10-10,East
SAL100034,Andrea Peters,Tablet,5,791.96,2024-11-03,East
SAL100035,Brenda Parker,Tablet,3,845.31,2024-06-25,West
SAL100036,Wendy Elliott,Printer,6,190.06,2024-08-04,South
SAL100037,Jeanette Lucas,Monitor,3,366.74,2025-04-01,West
SAL100038,Henry May,Tablet,6,768.7,2024-09-16,North
SAL100039,Lori Marsh,Tablet,8,1422.57,2025-05-27,Central
SAL100040,Jared Hughes,Phone,1,971.66,2024-10-30,Central
SAL100041,Charles Hood,Phone,8,901.27,2025-05-18,West
SAL100042,Jacob Foster,Monitor,7,1204.72,2025-06-05,Central
SAL100043,Kaylee George,Keyboard,9,607.65,2025-05-11,Central
SAL100044,Katherine Colon,Camera,1,652.61,2024-07-24,South
SAL100045,Andrea Foley,Phone,5,1357.79,2024-06-21,East
SAL100046,Lori Walsh,Mouse,9,900.51,2024-12-13,North
SAL100047,Susan Torres,Monitor,5,119.59,2024-11-22,East
SAL100048,Richard Mccarthy,Printer,3,1590.83,2024-12-16,Central
SAL100049,Shannon Crawford,Tablet,1,135.08,2025-02-25,North
SAL100050,Melissa Davis,Laptop,9,843.62,2024-12-15,West
SAL100051,Stephanie Evans,Printer,6,956.19,2024-08-27,West
SAL100052,Brianna Joseph,Keyboard,2,1954.82,2024-06-18,West
SAL100053,Amy Carr DDS,Laptop,4,403.88,2025-04-01,West
SAL100054,Tyrone May,Monitor,2,254.61,2025-04-05,North
SAL100055,Kenneth Williams,Mouse,6,436.97,2025-02-18,East
SAL100056,Michael Lawrence,Camera,8,518.24,2025-04-21,Central
SAL100057,William Cohen,Phone,1,1658.08,2024-09-07,North
SAL100058,Stacy Cortez,Tablet,7,516.76,2025-05-06,Central
SAL100059,Lisa Adams,Laptop,1,968.46,2024-12-26,Central
SAL100060,Angela Hunt,Printer,6,907.19,2024-12-25,North
SAL100061,Kevin Castillo,Printer,8,1665.66,2025-01-03,South
SAL100062,Dana Atkins,Tablet,5,1700.32,2025-01-18,West
SAL100063,Melissa Green,Mouse,7,638.9,2025-05-29,East
SAL100064,Renee Carpenter,Monitor,8,1185.9,2024-08-30,Central
SAL100065,Walter Garcia,Mouse,8,762.81,2025-05-11,North
SAL100066,Ryan Green,Keyboard,1,713.32,2024-09-23,North
SAL100067,Jennifer Garner,Phone,9,1709.96,2025-04-19,East
SAL100068,Janice Day,Keyboard,4,736.22,2025-01-12,East
SAL100069,William Washington,Monitor,7,192.76,2024-09-16,North
SAL100070,Tara Moody,Camera,9,1640.11,2025-01-30,East
SAL100071,Rebecca Morris,Camera,3,313.84,2024-07-23,South
SAL100072,Rachel Griffin,Phone,8,1883.93,2024-07-23,West
SAL100073,Logan Allen,Phone,3,1857.46,2024-11-22,Central
SAL100074,Jennifer Edwards,Mouse,9,808.63,2024-09-11,South
SAL100075,David Martinez,Monitor,4,485.22,2025-01-17,Central
SAL100076,Brian Davis,Camera,5,792.65,2024-12-27,East
SAL100077,Tanya Gray,Laptop,5,1168.8,2024-10-01,East
SAL100078,Blake Walker,Phone,4,1694.3,2024-07-14,South
SAL100079,Joshua Martin,Phone,2,1647.01,2024-07-22,South
SAL100080,Julie Myers,Monitor,4,963.98,2024-06-16,South
SAL100081,Jessica Robinson,Monitor,2,900.48,2024-08-01,East
SAL100082,Patricia Rivera,Tablet,4,184.71,2024-11-06,West
SAL100083,Eric Camacho,Monitor,3,803.87,2024-12-25,North
SAL100084,Susan Thornton,Keyboard,6,1668.33,2024-07-08,West
SAL100085,Jeremy Anderson,Mouse,6,1216.3,2024-08-05,North
SAL100086,Tara Edwards,Tablet,5,1501.24,2024-07-27,West
SAL100087,Gregory Graves,Phone,9,629.67,2024-07-21,East
SAL100088,Joe Griffin,Mouse,8,537.77,2024-08-24,North
SAL100089,Bobby West,Keyboard,2,1933.19,2025-06-08,South
SAL100090,Tamara Ramirez,Monitor,6,157.96,2024-08-21,South
SAL100091,Justin Davenport,Keyboard,3,315.67,2024-12-13,North
SAL100092,Tyler Clayton,Phone,3,1491.04,2024-07-06,Central
SAL100093,Jacqueline Lawson,Phone,6,1525.05,2025-05-20,Central
SAL100094,Miss Christina Hall,Phone,5,905.27,2025-05-03,West
SAL100095,Latoya Robinson,Laptop,6,1996.04,2025-02-20,South
SAL100096,Melissa Leon,Camera,2,116.21,2025-06-13,West
SAL100097,Jade David,Camera,5,1224.96,2024-12-05,Central
SAL100098,Rebecca Bowers,Monitor,8,961.44,2024-12-01,Central
SAL100099,Elizabeth Villarreal,Mouse,1,1356.76,2025-01-26,Central
SAL100100,Ronald Brown,Monitor,3,338.14,2025-04-08,Central
SAL100101,Mary Nguyen,Phone,1,1205.29,2024-08-21,East
SAL100102,Danielle Clark,Printer,4,1241.88,2025-04-10,West
SAL100103,Jimmy Young,Phone,5,482.74,2024-10-10,East
SAL100104,Erica Johnson,Laptop,1,834.82,2024-07-17,South
SAL100105,Jessica Larsen,Printer,3,383.12,2024-09-07,Central
SAL100106,Thomas James,Mouse,8,1760.93,2024-09-14,East
SAL100107,Amanda Jones,Laptop,6,1360.68,2024-07-18,West
SAL100108,Travis Smith,Camera,3,275.93,2025-03-01,Central
SAL100109,Destiny Diaz,Keyboard,8,1906.58,2025-05-21,North
SAL100110,Jose Pearson,Keyboard,1,1765.99,2024-12-24,Central
SAL100111,Michelle Waters,Printer,2,1986.45,2024-07-08,North
SAL100112,Susan Carrillo,Keyboard,6,448.17,2024-07-06,Central
SAL100113,Rachel Mack,Tablet,3,1321.79,2025-04-07,Central
SAL100114,Kristin Meadows,Keyboard,5,1347.14,2024-09-18,Central
SAL100115,Henry Mccall,Tablet,8,696.24,2025-02-03,North
SAL100116,Richard Marshall,Printer,3,945.31,2024-11-20,East
SAL100117,Andrew Cisneros,Phone,1,405.41,2024-12-09,North
SAL100118,Michelle Perez,Camera,5,999.68,2024-11-30,East
SAL100119,Christina Peck,Printer,3,1040.2,2024-06-22,North
SAL100120,Zachary Garcia,Camera,5,1537.54,2025-04-04,East
SAL100121,Brianna Blevins,Tablet,5,996.42,2025-05-23,South
SAL100122,Andrew Brown,Laptop,4,1460.42,2024-11-19,East
SAL100123,Bryan Benton,Phone,2,1614.58,2025-05-23,North
SAL100124,David Williams,Printer,7,1612.86,2024-07-22,East
SAL100125,Alice Buckley,Monitor,9,1353.13,2025-05-28,South
SAL100126,Alicia Harper,Mouse,4,1122.69,2024-12-30,West
SAL100127,Francis Cunningham,Laptop,6,152.91,2024-09-13,South
SAL100128,Amy Brown,Phone,1,946.98,2025-01-25,East
SAL100129,Shaun Williams,Phone,8,1939.07,2024-11-29,Central
SAL100130,Mrs. Cassandra Johnson,Camera,6,735.52,2024-09-13,South
SAL100131,William Juarez,Phone,8,1427.71,2024-10-25,West
SAL100132,Kyle Roberts,Keyboard,8,1112.41,2024-10-05,East
SAL100133,Justin Adams,Printer,3,1860.33,2025-02-22,Central
SAL100134,Julia Romero,Monitor,8,549.96,2024-12-31,South
SAL100135,Jamie Huff,Keyboard,3,221.2,2024-08-08,West
SAL100136,Emily Hansen,Camera,2,1549.72,2024-07-09,East
SAL100137,Linda Spencer,Monitor,7,1265.99,2024-11-21,West
SAL100138,Taylor Strong,Printer,4,739.83,2025-01-11,South
SAL100139,Autumn Cannon,Phone,5,1543.14,2024-11-22,West
SAL100140,Steven Holland,Keyboard,8,1586.09,2024-08-11,South
SAL100141,Tina Lowe,Monitor,5,941.83,2024-12-08,East
SAL100142,Sara Santos,Printer,2,1126.52,2025-06-11,West
SAL100143,Suzanne Miller,Monitor,6,1030.16,2024-08-05,West
SAL100144,Amy Howell,Mouse,8,750.48,2025-01-26,North
SAL100145,Philip Mayer,Laptop,4,1135.49,2025-03-01,East
SAL100146,Joshua Williams,Laptop,4,125.97,2025-05-29,Central
SAL100147,Melissa Lara,Camera,8,961.15,2025-04-17,East
SAL100148,Ryan Russell,Tablet,3,1712.12,2025-04-24,Central
SAL100149,Mason Smith,Printer,3,1867.69,2025-01-12,South
SAL100150,Steven Fuentes,Mouse,5,1672.72,2024-12-25,South
SAL100151,Emily Haney,Printer,5,656.43,2024-08-26,West
SAL100152,Jessica Martinez,Keyboard,1,1849.72,2024-09-19,North
SAL100153,Donald Ruiz,Monitor,5,766.38,2025-01-06,North
SAL100154,Mrs. Theresa Oliver,Laptop,2,1766.31,2024-10-13,East
SAL100155,Ricky Gutierrez MD,Camera,5,388.29,2024-08-27,East
SAL100156,Ian Johnson,Tablet,5,1104.28,2024-09-26,Central
SAL100157,Jason Knight,Laptop,2,1122.74,2025-01-12,West
SAL100158,Nicholas Bennett,Monitor,3,909.17,2025-05-15,East
SAL100159,Billy Dean,Camera,1,1611.46,2024-09-10,Central
SAL100160,Nicole Lopez,Printer,9,803.4,2024-07-08,Central
SAL100161,Christopher Gillespie,Laptop,6,1044.88,2024-10-06,North
SAL100162,Mrs. Melissa Moyer,Camera,7,1855.87,2024-11-23,East
SAL100163,Christopher Wyatt,Mouse,5,1669.7,2025-03-05,East
SAL100164,David Aguilar,Mouse,1,1216.28,2025-06-10,East
SAL100165,Jeffrey Alvarado,Keyboard,1,1602.45,2025-01-14,North
SAL100166,Janet Bonilla,Phone,4,1842.2,2024-07-11,North
SAL100167,Christopher Kent,Monitor,4,140.23,2024-12-02,Central
SAL100168,Mark Mays,Tablet,1,835.9,2024-08-02,South
SAL100169,Brittany Vega,Camera,1,126.66,2025-03-26,North
SAL100170,Joseph Davis,Monitor,6,1903.01,2025-03-26,Central
SAL100171,Tyler Beck,Tablet,8,134.44,2025-04-25,Central
SAL100172,Michael Lee DDS,Laptop,9,1279.34,2024-11-29,North
SAL100173,Paul Price,Tablet,3,1434.12,2025-03-26,East
SAL100174,Robert Turner,Phone,2,848.12,2024-11-24,West
SAL100175,Ray Nelson,Monitor,9,1139.58,2025-05-12,West
SAL100176,Gregory Hodges,Mouse,5,703.0,2025-06-13,North
SAL100177,James Mcmahon,Phone,3,1105.63,2024-12-04,West
SAL100178,Rachel Mendez,Printer,7,1950.97,2024-08-04,West
SAL100179,Taylor Alexander,Phone,3,490.61,2025-03-07,South
SAL100180,Marc Melendez,Camera,3,871.54,2025-05-09,East
SAL100181,Corey Moody,Camera,1,1927.72,2024-09-15,West
SAL100182,Rebecca Smith,Monitor,9,1587.79,2025-03-11,East
SAL100183,Mrs. Elizabeth Guerra,Laptop,4,484.82,2025-02-03,South
SAL100184,Anthony Delacruz,Tablet,2,1676.11,2025-02-09,North
SAL100185,Jaime Jordan,Printer,5,1434.86,2025-02-06,Central
SAL100186,Mark Brown,Printer,9,778.62,2024-06-21,South
SAL100187,Thomas Johnson,Camera,6,1977.0,2024-07-09,West
SAL100188,Cheryl Byrd,Monitor,3,268.78,2024-10-15,Central
SAL100189,Cassandra Santana,Camera,1,1444.52,2025-04-29,South
SAL100190,William Hill,Keyboard,6,1661.45,2024-10-23,West
SAL100191,David Thomas,Keyboard,2,1215.02,2024-11-02,Central
SAL100192,Madeline Reyes,Printer,6,999.63,2024-11-21,South
SAL100193,Joel Cox,Keyboard,7,1385.58,2025-03-30,East
SAL100194,Joshua Ramirez,Phone,2,1887.33,2024-11-19,East
SAL100195,Ashley Abbott,Monitor,6,1612.78,2024-12-10,West
SAL100196,Kimberly Smith,Camera,6,130.57,2024-11-09,North
SAL100197,Scott Perez,Mouse,4,1442.5,2025-04-24,North
SAL100198,Tanya Miles,Laptop,9,1716.96,2025-01-11,North
SAL100199,Angela Herrera,Camera,9,784.84,2024-07-11,West
SAL100200,Rachel Martin,Laptop,6,1086.0,2024-11-02,North
SAL100201,Patrick Cowan,Tablet,2,1609.11,2025-03-24,South
SAL100202,Robert Herring,Camera,9,1868.31,2025-06-09,North
SAL100203,Adam Jordan,Keyboard,1,1607.86,2024-09-30,Central
SAL100204,Lindsay May,Printer,2,826.66,2025-03-04,South
SAL100205,Robert Cummings,Keyboard,8,1788.61,2025-02-23,North
SAL100206,Joshua Zimmerman,Phone,3,903.12,2025-04-11,North
SAL100207,Jack Jones,Printer,4,1122.65,2025-01-12,East
SAL100208,Rebecca Reyes,Phone,1,882.13,2024-08-21,North
SAL100209,Jose Bush,Mouse,5,1751.73,2025-03-21,Central
SAL100210,Mackenzie Evans,Phone,2,238.4,2025-04-06,North
SAL100211,Kurt Campbell,Printer,7,265.29,2024-10-27,West
SAL100212,Mr. David Hartman MD,Laptop,4,1943.98,2025-05-26,South
SAL100213,Joel Hill,Mouse,1,1612.1,2024-07-06,Central
SAL100214,Jessica Smith,Camera,8,1797.21,2025-01-13,East
SAL100215,Christina Bradley,Keyboard,7,1924.13,2025-01-30,South
SAL100216,Dr. Cynthia Patrick,Keyboard,3,179.21,2024-07-11,West
SAL100217,Darius Martinez,Phone,5,720.64,2024-12-24,South
SAL100218,Jason Moore,Keyboard,3,253.63,2024-06-22,Central
SAL100219,Kathy Padilla,Keyboard,6,1882.87,2024-08-08,West
SAL100220,Laura Bailey,Monitor,2,522.13,2025-06-11,East
SAL100221,Blake Luna,Camera,1,314.39,2024-10-29,Central
SAL100222,Jessica Bonilla,Phone,1,1648.93,2024-09-04,West
SAL100223,Stephanie Webster,Phone,6,1516.15,2024-08-16,South
SAL100224,Christopher Poole,Camera,9,1284.1,2025-01-01,South
SAL100225,Emily Welch,Camera,5,676.26,2024-09-27,West
SAL100226,John Dorsey,Tablet,4,151.36,2024-08-30,East
SAL100227,Elizabeth Hall,Monitor,6,617.98,2024-11-30,West
SAL100228,Brooke Coleman,Tablet,5,322.14,2024-06-30,South
SAL100229,David Little,Printer,7,1855.31,2024-06-16,Central
SAL100230,Karen Trujillo,Phone,2,1652.53,2025-05-14,West
SAL100231,Emma Schneider,Monitor,4,790.96,2025-02-20,Central
SAL100232,Emily Moreno,Printer,6,1394.38,2024-08-06,East
SAL100233,Javier Barry,Keyboard,2,1666.4,2025-03-05,South
SAL100234,Randall Jimenez,Tablet,5,741.51,2024-11-22,East
SAL100235,Pamela Horton,Phone,3,1712.91,2024-11-29,West
SAL100236,Sean Jones,Monitor,2,100.62,2024-06-18,Central
SAL100237,Sean Pena,Tablet,9,1471.49,2025-04-07,West
SAL100238,Craig Ferguson,Monitor,4,1585.13,2024-07-25,West
SAL100239,Justin Edwards,Monitor,6,632.89,2025-03-29,Central
SAL100240,Phillip Lara,Mouse,4,1042.42,2025-02-19,West
SAL100241,Mark Fowler,Keyboard,5,414.67,2025-02-22,East
SAL100242,Micheal Mann,Tablet,4,1420.94,2024-10-08,Central
SAL100243,Raymond Peterson,Monitor,3,1569.58,2024-10-22,North
SAL100244,Paul Sutton,Printer,6,1382.28,2025-01-27,East
SAL100245,Paul Howard,Mouse,6,1087.3,2024-07-20,East
SAL100246,Michael Davis,Keyboard,3,1946.19,2025-05-29,East
SAL100247,Brian Cruz,Mouse,7,578.01,2024-09-11,North
SAL100248,Susan Richards,Laptop,1,1725.82,2025-02-25,South
SAL100249,Todd Schmidt,Keyboard,1,1522.52,2025-04-30,East
SAL100250,Yvette Brown,Monitor,3,363.94,2025-01-28,Central
SAL100251,Tim Carson,Printer,7,936.29,2025-05-22,North
SAL100252,Michael Schmidt,Camera,2,1877.79,2024-08-13,North
SAL100253,Eric Winters,Camera,3,1369.47,2024-10-24,West
SAL100254,Jody White,Camera,5,981.53,2024-09-26,East
SAL100255,Pamela Moore,Keyboard,5,1167.93,2024-10-28,North
SAL100256,Benjamin Weaver,Laptop,3,1908.44,2024-06-14,South
SAL100257,David Kim,Printer,2,353.77,2025-02-23,West
SAL100258,Jill Smith,Keyboard,5,1734.18,2025-03-18,North
SAL100259,Charles Hays,Mouse,1,1421.93,2024-08-01,South
SAL100260,Elizabeth Mendoza,Phone,5,1451.82,2025-02-04,West
SAL100261,Aaron Perez,Printer,7,1717.71,2024-07-18,South
SAL100262,Angela Snyder,Mouse,8,288.51,2024-07-13,East
SAL100263,Tammy Hall,Phone,3,443.68,2025-05-14,South
SAL100264,Amanda Wood,Mouse,4,662.44,2024-12-10,East
SAL100265,Janice Sellers,Mouse,7,1424.98,2025-03-23,South
SAL100266,Patricia Morgan,Laptop,2,1128.79,2024-12-05,South
SAL100267,Jimmy Miller,Laptop,7,672.81,2025-05-26,West
SAL100268,Barbara Hall,Printer,8,1754.92,2024-12-05,Central
SAL100269,David Rowland,Laptop,3,620.51,2024-06-22,Central
SAL100270,Jordan Baker,Keyboard,6,1704.68,2024-07-25,North
SAL100271,Krista Wilson,Keyboard,1,661.49,2024-06-15,Central
SAL100272,David Nelson DDS,Keyboard,7,949.83,2025-03-14,East
SAL100273,Sharon Moran,Printer,8,1885.67,2024-12-25,Central
SAL100274,Steven Davis,Printer,8,1531.52,2024-07-05,North
SAL100275,Dr. Darlene Hammond PhD,Mouse,5,986.09,2024-09-12,East
SAL100276,Samantha Rodriguez,Keyboard,1,611.11,2025-03-07,North
SAL100277,Matthew Morales,Monitor,7,596.24,2025-01-30,West
SAL100278,Rebecca Rios,Printer,4,1518.56,2024-11-18,East
SAL100279,Adam Martinez,Camera,9,428.16,2024-07-29,South
SAL100280,Kristine White,Phone,1,1221.07,2025-04-19,Central
SAL100281,Jessica Price,Mouse,6,1179.23,2025-01-28,West
SAL100282,Gregory Hicks,Mouse,7,1263.54,2024-09-13,East
SAL100283,Heather Anderson,Camera,3,973.21,2025-01-31,West
SAL100284,Matthew Holland MD,Phone,3,1942.44,2025-06-02,East
SAL100285,Kathryn Watts,Monitor,1,338.95,2025-05-16,South
SAL100286,Jay Sanchez,Mouse,6,325.55,2025-04-09,South
SAL100287,Breanna Roberts,Tablet,3,1088.4,2025-05-21,Central
SAL100288,Mrs. Virginia Lawson,Printer,8,1956.73,2025-05-03,West
SAL100289,Danielle Taylor,Printer,4,766.17,2024-08-16,North
SAL100290,Angela Espinoza,Mouse,9,1849.44,2025-04-23,East
SAL100291,Carolyn Trujillo,Tablet,9,193.72,2024-10-24,West
SAL100292,Destiny Cervantes,Tablet,4,161.19,2025-05-04,East
SAL100293,Victor Coleman,Phone,5,1507.7,2024-11-11,East
SAL100294,Joseph Vega,Keyboard,7,1609.55,2025-03-07,East
SAL100295,David Conner,Printer,4,1929.21,2024-11-10,South
SAL100296,Catherine Massey,Phone,3,1275.28,2024-08-19,West
SAL100297,Noah Daugherty,Monitor,7,1568.34,2024-12-26,South
SAL100298,Brian Huffman,Mouse,4,739.28,2025-06-07,North
SAL100299,Nathan Marshall,Camera,3,1435.61,2024-08-12,North
SAL100300,Alicia Smith,Printer,2,232.12,2024-12-14,Central
SAL100301,Crystal Johnson,Laptop,9,507.07,2025-02-21,North
SAL100302,Elizabeth Young,Tablet,1,1634.6,2024-10-01,South
SAL100303,Paul Sims,Laptop,8,1965.12,2024-07-16,East
SAL100304,Hector Camacho,Laptop,4,755.21,2025-03-01,South
SAL100305,Sean Cox,Mouse,5,1697.41,2025-05-22,South
SAL100306,Robert Green,Laptop,6,231.47,2024-12-30,South
SAL100307,Jerry Mahoney,Camera,8,102.72,2025-03-11,South
SAL100308,Jacqueline Rollins,Keyboard,8,1942.37,2025-03-25,East
SAL100309,Traci Jones,Laptop,1,452.06,2024-12-16,North
SAL100310,Julia Marshall,Monitor,8,567.45,2025-02-06,South
SAL100311,Joseph Thomas,Monitor,9,213.69,2024-12-04,Central
SAL100312,Joshua Weaver,Camera,4,1586.88,2025-04-01,South
SAL100313,Erin Blackwell,Camera,6,308.05,2024-08-06,North
SAL100314,Amy West,Mouse,7,247.64,2024-10-28,East
SAL100315,James Evans,Monitor,8,1450.94,2024-10-01,North
SAL100316,Mary Hahn,Mouse,7,238.22,2025-05-03,East
SAL100317,James Thomas,Tablet,9,336.62,2025-03-22,Central
SAL100318,Daniel King,Printer,7,408.49,2025-01-07,North
SAL100319,Bryce Dunn,Camera,1,1907.59,2024-07-28,Central
SAL100320,Daniel Zhang,Phone,3,1432.35,2024-10-01,Central
SAL100321,Mrs. Jill Singh DVM,Printer,9,1083.12,2024-12-16,Central
SAL100322,Matthew Mendoza,Camera,4,1191.31,2025-05-08,Central
SAL100323,Donald Weeks,Camera,8,1926.45,2024-06-19,South
SAL100324,Amanda Jones,Monitor,8,199.13,2024-08-13,Central
SAL100325,Diane Newman,Keyboard,2,1670.99,2024-10-19,Central
SAL100326,Paul Hogan,Keyboard,7,1098.65,2024-10-27,South
SAL100327,Sarah Vazquez,Mouse,9,755.33,2025-04-12,East
SAL100328,Richard Chavez,Camera,3,1372.43,2025-05-28,West
SAL100329,Bethany Fry,Tablet,7,1291.5,2024-11-11,Central
SAL100330,Elizabeth Smith,Mouse,3,1861.06,2025-06-03,West
SAL100331,Hannah Wright,Tablet,9,552.43,2025-03-19,South
SAL100332,Candice Owen,Camera,5,621.04,2025-06-08,West
SAL100333,Antonio Cain,Printer,8,1107.74,2024-06-30,East
SAL100334,Steven Price,Printer,8,492.33,2024-08-09,West
SAL100335,Margaret Anderson,Tablet,1,1771.75,2025-06-10,West
SAL100336,Tina May,Keyboard,4,1098.05,2025-04-19,South
SAL100337,Lori Thompson,Camera,9,1783.57,2025-03-06,South
SAL100338,Jennifer Hurley,Keyboard,7,1671.7,2025-03-12,Central
SAL100339,Elizabeth George,Laptop,9,220.66,2024-07-26,East
SAL100340,William Kim,Printer,7,1543.3,2024-11-23,Central
SAL100341,Emily Thompson,Camera,6,1366.27,2025-03-12,West
SAL100342,Scott May,Tablet,3,1421.31,2024-11-26,Central
SAL100343,Christina Fisher,Camera,2,886.89,2024-10-20,South
SAL100344,Jennifer Thompson,Printer,1,1216.09,2024-07-24,North
SAL100345,Debbie Miller,Printer,9,1825.6,2025-02-13,North
SAL100346,Tamara Aguilar,Camera,5,1954.1,2025-05-04,North
SAL100347,Olivia Ward,Laptop,6,1974.08,2024-12-13,North
SAL100348,Ashley Alvarado,Mouse,1,1692.94,2025-03-30,East
SAL100349,Nicolas Taylor,Monitor,2,1989.31,2025-02-26,South
SAL100350,Gerald Kline,Mouse,5,1508.42,2025-04-22,West
SAL100351,Ronald Morris,Keyboard,1,771.25,2025-03-13,West
SAL100352,Anthony Brown,Keyboard,6,1939.5,2025-01-15,South
SAL100353,Victoria Mullins,Phone,6,237.35,2024-06-13,South
SAL100354,Robert Aguilar,Printer,2,1906.74,2025-02-25,North
SAL100355,Jason Green,Tablet,4,136.14,2024-08-08,South
SAL100356,James Clark,Mouse,9,1980.25,2025-03-05,Central
SAL100357,Autumn Patel,Monitor,3,1491.82,2025-03-07,South
SAL100358,Pamela Prince,Keyboard,3,424.7,2025-01-20,South
SAL100359,Felicia Knight,Mouse,7,1046.45,2025-05-04,South
SAL100360,Cheyenne Nelson,Mouse,2,1317.38,2024-08-24,East
SAL100361,Tracy Harris,Camera,7,992.59,2025-02-02,West
SAL100362,Jonathan Young,Printer,3,442.43,2024-08-23,Central
SAL100363,David Farmer,Tablet,7,1389.33,2025-04-23,South
SAL100364,Timothy Fisher,Monitor,8,1693.21,2025-03-15,Central
SAL100365,Teresa Hunt,Camera,8,738.62,2025-06-06,East
SAL100366,Kathryn Johnson,Printer,6,682.37,2024-10-11,East
SAL100367,Andrea Hudson,Tablet,2,1105.65,2025-03-24,North
SAL100368,Alexis Serrano,Tablet,6,452.26,2025-04-21,West
SAL100369,Peter Rivera,Tablet,5,688.51,2025-01-13,North
SAL100370,Cody Montoya,Mouse,6,667.28,2025-06-01,North
SAL100371,Ian Bentley,Camera,1,1733.33,2024-10-21,Central
SAL100372,Kevin Morrison,Printer,2,1598.85,2025-01-16,Central
SAL100373,Christian Mills,Keyboard,5,777.63,2024-06-15,West
SAL100374,Megan Armstrong,Phone,2,663.82,2024-06-22,West
SAL100375,Melanie Davila,Camera,4,1758.84,2025-03-01,East
SAL100376,Kendra Mckinney,Keyboard,2,1967.19,2025-03-02,Central
SAL100377,Karen Davis,Camera,2,984.89,2025-03-07,West
SAL100378,Andrea Lynch,Monitor,7,628.81,2025-06-03,South
SAL100379,David Butler MD,Monitor,1,1328.28,2024-07-08,South
SAL100380,Jason Anderson,Camera,8,1129.28,2025-03-06,South
SAL100381,Kathy Wilson,Mouse,8,372.56,2025-03-22,South
SAL100382,Kristine Smith,Keyboard,4,919.63,2024-06-27,East
SAL100383,Amy Gibson,Keyboard,4,1555.24,2025-04-06,East
SAL100384,Matthew King,Mouse,1,722.17,2024-10-27,West
SAL100385,Lori Warren MD,Camera,2,479.51,2024-12-02,West
SAL100386,Monica Schneider,Mouse,8,535.14,2025-01-09,Central
SAL100387,Christopher Sullivan,Printer,8,677.74,2024-12-18,East
SAL100388,Stephanie Diaz,Phone,6,575.94,2025-03-12,North
SAL100389,Steven Thomas,Tablet,5,764.22,2025-02-15,North
SAL100390,Cynthia Walker,Laptop,3,1203.95,2024-08-27,West
SAL100391,Juan Walker,Laptop,9,539.4,2024-12-23,North
SAL100392,Lauren Marshall,Keyboard,7,714.76,2024-06-13,North
SAL100393,Melissa Marks,Mouse,1,1503.89,2025-06-08,South
SAL100394,David Carroll,Tablet,5,1317.03,2025-04-22,South
SAL100395,Brian Griffin,Monitor,2,1383.93,2025-02-25,West
SAL100396,Diane Day,Camera,1,171.26,2025-01-08,Central
SAL100397,Sandra Thompson,Camera,4,546.54,2024-08-28,West
SAL100398,Haley Fischer,Tablet,5,1156.89,2024-10-22,North
SAL100399,Whitney Schmitt,Laptop,9,1199.37,2024-11-27,West
SAL100400,Mary Marsh,Tablet,1,1165.18,2024-07-03,West
SAL100401,Adam Silva,Keyboard,1,621.59,2024-12-15,North
SAL100402,Kevin Gutierrez,Keyboard,1,579.19,2024-12-18,Central
SAL100403,Ralph Jones,Printer,4,785.65,2025-05-18,East
SAL100404,John Adams,Phone,6,1669.91,2025-02-27,North
SAL100405,Alexa Stanley,Laptop,8,1139.46,2025-03-12,Central
SAL100406,Christopher Alexander,Phone,1,1437.26,2025-06-08,South
SAL100407,Barbara Mendez,Printer,3,382.52,2025-05-13,North
SAL100408,Robert Lewis,Mouse,6,1763.57,2025-05-13,North
SAL100409,Brandon Jackson,Camera,3,759.13,2024-10-07,North
SAL100410,Margaret Williams,Printer,8,1486.89,2025-01-29,East
SAL100411,Cathy Pearson,Phone,1,236.01,2024-11-24,Central
SAL100412,Dr. John Cuevas,Tablet,8,384.31,2024-10-01,South
SAL100413,Anne Snyder,Camera,2,1700.36,2024-10-22,West
SAL100414,Kathleen Ramirez,Keyboard,2,1570.89,2025-01-27,South
SAL100415,Colin Smith,Keyboard,9,749.98,2025-01-17,South
SAL100416,Michelle Kelley,Phone,1,1221.74,2024-09-11,South
SAL100417,Cody Thomas,Mouse,1,1011.0,2025-02-04,Central
SAL100418,Mary Washington,Keyboard,1,1674.27,2024-08-28,North
SAL100419,David Morrow,Laptop,6,937.26,2024-07-03,West
SAL100420,Samuel Brandt,Phone,5,1708.03,2025-03-21,Central
SAL100421,Mr. Eduardo Robinson,Camera,2,1049.33,2024-11-10,Central
SAL100422,Jacqueline Copeland,Phone,4,1045.68,2024-12-09,Central
SAL100423,Gabriel Dalton,Tablet,5,297.01,2025-04-26,Central
SAL100424,Valerie Patrick,Phone,2,958.57,2025-03-12,West
SAL100425,Michelle Parks,Printer,1,1545.97,2025-02-13,South
SAL100426,Donald White,Laptop,3,1322.64,2025-03-17,East
SAL100427,Dr. Jamie Stone,Keyboard,9,711.66,2025-04-26,Central
SAL100428,Jared Flores,Laptop,4,910.3,2025-02-02,West
SAL100429,Crystal Ewing,Laptop,1,1883.71,2024-07-14,East
SAL100430,Erika Reed,Tablet,2,950.82,2025-03-17,West
SAL100431,Daniel Hall,Camera,3,694.12,2024-07-05,East
SAL100432,Randall Romero,Laptop,9,870.62,2024-09-30,West
SAL100433,Trevor Choi,Printer,8,632.38,2025-05-19,South
SAL100434,Joshua Hendricks,Keyboard,2,871.34,2024-08-10,East
SAL100435,Angel Rogers,Printer,2,472.96,2024-08-25,West
SAL100436,Jane White,Printer,2,1089.66,2025-02-03,East
SAL100437,Monique Walker,Keyboard,3,1362.18,2024-09-13,Central
SAL100438,Teresa Joseph,Laptop,4,252.47,2025-05-25,Central
SAL100439,Ashley Elliott,Tablet,2,1879.74,2024-12-03,West
SAL100440,Elizabeth Coleman,Tablet,5,1495.05,2024-09-16,West
SAL100441,Jasmine Rogers,Phone,9,425.44,2025-04-24,North
SAL100442,Mark Jones,Keyboard,5,189.49,2025-04-21,West
SAL100443,Brian Gould,Phone,5,405.1,2024-07-10,East
SAL100444,Scott Anderson,Mouse,4,536.32,2024-08-20,Central
SAL100445,Christopher Morris,Keyboard,3,1291.82,2025-02-12,West
SAL100446,Mark Hernandez,Mouse,6,1711.05,2024-11-28,East
SAL100447,Mrs. Crystal Sanders,Mouse,5,1071.19,2024-10-08,West
SAL100448,Jeffery Li,Monitor,5,1929.09,2024-12-23,North
SAL100449,Heather Vargas,Camera,9,1872.84,2024-12-24,Central
SAL100450,Leslie Martinez,Monitor,9,815.15,2025-06-06,North
SAL100451,Misty Gomez,Laptop,5,1181.84,2025-04-27,East
SAL100452,Corey Nguyen,Phone,6,1976.32,2025-01-11,West
SAL100453,Jessica Wilson,Printer,5,695.17,2024-11-26,West
SAL100454,Cindy Miller,Phone,2,562.26,2024-10-23,Central
SAL100455,Erica Hodge,Printer,3,177.0,2024-07-10,Central
SAL100456,Suzanne Gutierrez,Monitor,1,345.44,2025-04-18,North
SAL100457,Alicia Bailey,Monitor,4,1414.15,2024-07-17,East
SAL100458,Victoria Armstrong,Laptop,6,235.55,2024-12-12,North
SAL100459,Michael Foster,Printer,5,307.01,2024-08-15,East
SAL100460,Jean White,Laptop,1,477.05,2024-07-26,North
SAL100461,Daniel Morales,Monitor,3,568.11,2024-12-01,South
SAL100462,Sandra Davis,Printer,5,990.25,2025-04-05,South
SAL100463,Tracy Ruiz,Phone,6,1752.92,2024-12-28,West
SAL100464,Shannon Wilcox,Monitor,4,1836.86,2024-11-08,Central
SAL100465,Ryan Carson,Printer,5,1075.05,2024-12-26,Central
SAL100466,Daniel Simmons,Laptop,4,1671.23,2024-07-06,North
SAL100467,Heidi Newton,Tablet,4,578.48,2024-09-23,West
SAL100468,Mary Carey,Monitor,6,1946.25,2025-02-15,East
SAL100469,Courtney Valencia,Mouse,8,1103.92,2024-09-24,Central
SAL100470,Vickie Love,Laptop,7,147.55,2025-06-05,North
SAL100471,Ashley Walker,Phone,9,630.25,2024-08-15,West
SAL100472,Donna Lewis,Camera,4,999.19,2024-07-10,West
SAL100473,Theresa Weiss,Keyboard,9,1271.71,2024-12-14,Central
SAL100474,Brandon Adkins,Tablet,6,185.1,2024-07-23,South
SAL100475,Kevin Martinez,Printer,6,1647.11,2024-09-02,East
SAL100476,Barbara Dodson,Monitor,4,1978.72,2025-02-13,North
SAL100477,Lindsay Henderson,Tablet,5,885.78,2024-11-19,South
SAL100478,Matthew Morales,Printer,4,797.54,2025-05-08,East
SAL100479,Stephanie Scott,Laptop,1,633.77,2024-07-31,South
SAL100480,Sarah Young,Phone,9,1714.49,2024-10-26,North
SAL100481,Corey Guerrero,Printer,2,148.19,2024-10-23,East
SAL100482,Kendra Wells,Printer,1,819.91,2025-03-21,North
SAL100483,Danielle Clark,Phone,1,1182.25,2025-01-03,West
SAL100484,Felicia Harris,Mouse,4,1419.28,2025-04-27,North
SAL100485,Melissa Gray,Laptop,9,834.21,2024-08-13,East
SAL100486,Christine Brown,Camera,1,515.33,2025-03-26,Central
SAL100487,Larry Arnold,Tablet,1,1421.19,2025-04-23,South
SAL100488,Jeffery Greer,Printer,5,1417.68,2025-02-16,West
SAL100489,Eric Aguirre,Monitor,8,161.14,2025-02-20,East
SAL100490,Christina Williams,Keyboard,5,721.75,2024-11-28,North
SAL100491,Samantha Marshall,Mouse,9,1605.68,2024-11-07,South
SAL100492,Randall Blanchard,Keyboard,9,902.01,2025-03-11,West
SAL100493,Joel Jackson,Keyboard,1,690.43,2025-01-01,Central
SAL100494,Crystal Franklin,Printer,1,983.32,2025-01-25,South
SAL100495,Matthew Carroll,Tablet,4,864.33,2024-11-13,West
SAL100496,Jeremy Miller,Laptop,3,1550.84,2024-11-13,South
SAL100497,Kristy Foster,Tablet,5,1232.61,2024-06-22,East
SAL100498,Jeremy Lopez,Keyboard,4,379.25,2025-05-19,North
SAL100499,Bethany Hernandez,Laptop,9,1787.49,2025-05-05,South
SAL100500,Rachel Bennett,Keyboard,4,696.19,2025-03-09,South
SAL100501,Deanna Singleton,Printer,6,1361.97,2024-07-18,North
SAL100502,Gary Reed,Camera,4,1570.67,2024-09-25,West
SAL100503,Donna Sloan,Keyboard,4,852.51,2025-05-06,North
SAL100504,Annette Norton,Printer,9,366.11,2024-06-16,East
SAL100505,Nathan Mathis,Tablet,5,1865.6,2025-02-17,East
SAL100506,Paul Frye,Monitor,4,142.51,2025-03-05,North
SAL100507,Christine House,Camera,5,1242.56,2025-05-13,Central
SAL100508,Penny Harrison,Printer,8,441.18,2024-07-10,South
SAL100509,Emily Gomez,Tablet,3,287.5,2025-01-19,North
SAL100510,Laurie Elliott,Phone,3,1751.68,2025-01-03,West
SAL100511,Amy Anderson,Laptop,6,435.36,2025-04-15,West
SAL100512,Patrick Church,Printer,3,1077.35,2024-11-16,South
SAL100513,Michael Watts,Mouse,6,304.16,2024-10-29,Central
SAL100514,Zoe Newman,Mouse,4,1995.83,2024-10-25,East
SAL100515,Kelsey Williams,Mouse,6,1348.27,2024-10-14,South
SAL100516,David Miller,Phone,7,672.94,2024-08-22,East
SAL100517,Juan Ortiz,Keyboard,9,1470.2,2024-10-01,West
SAL100518,Ariel Flores,Keyboard,5,839.6,2024-12-02,Central
SAL100519,Cody Neal,Monitor,6,1818.36,2025-05-29,East
SAL100520,Eric Brown,Mouse,3,263.38,2024-10-30,Central
SAL100521,Catherine Oconnor,Keyboard,7,1936.79,2024-08-17,South
SAL100522,Monica White,Laptop,9,414.21,2024-07-31,North
SAL100523,Carla Newman,Mouse,4,871.19,2024-06-23,West
SAL100524,Heather Davis,Monitor,6,908.43,2025-02-01,South
SAL100525,Karen Burke,Monitor,8,204.77,2024-08-17,East
SAL100526,Ryan Gibson,Printer,8,1806.46,2025-01-19,North
SAL100527,Henry Davenport MD,Printer,7,125.6,2025-02-13,South
SAL100528,Amanda Ballard,Monitor,4,1053.87,2025-05-19,North
SAL100529,Melissa Daniels,Tablet,8,1208.94,2025-04-25,East
SAL100530,Jacob Morales,Mouse,1,1303.81,2024-12-08,North
SAL100531,John Klein,Laptop,6,1746.5,2024-10-26,East
SAL100532,Gloria Terry,Keyboard,8,226.74,2024-08-01,South
SAL100533,Christopher Moore,Monitor,9,169.55,2024-12-29,North
SAL100534,John Smith,Tablet,6,583.53,2025-05-04,Central
SAL100535,Michael Keith,Printer,6,1562.22,2025-02-01,South
SAL100536,Kathleen Bush,Phone,2,1850.29,2025-01-03,North
SAL100537,Jessica Mckinney,Mouse,1,816.27,2025-03-19,South
SAL100538,Todd Walker,Monitor,2,780.22,2024-10-29,East
SAL100539,Kelly Quinn,Tablet,2,113.33,2024-08-19,North
SAL100540,Pamela Smith,Mouse,3,1824.13,2024-11-10,North
SAL100541,William Liu,Tablet,3,431.33,2025-01-01,East
SAL100542,Jeremy Johnson,Phone,2,962.16,2025-05-14,North
SAL100543,Lindsey White,Keyboard,7,1135.83,2025-04-27,South
SAL100544,Kelly Blackburn,Phone,2,156.16,2024-11-02,South
SAL100545,Bryan Robertson,Laptop,1,682.16,2024-07-29,Central
SAL100546,Maxwell Goodwin,Keyboard,9,310.38,2025-03-28,North
SAL100547,Thomas Torres,Tablet,9,1990.76,2025-03-06,North
SAL100548,Jared Miller,Mouse,7,294.99,2025-01-06,Central
SAL100549,Dakota Chan DVM,Monitor,2,1018.19,2024-12-02,Central
SAL100550,David Cameron,Mouse,1,1709.74,2025-02-09,North
SAL100551,Laurie Smith,Camera,3,1160.36,2024-09-10,Central
SAL100552,Tracy Jones,Printer,4,463.89,2024-08-21,Central
SAL100553,Curtis Hardy,Monitor,7,1692.99,2024-10-14,South
SAL100554,Shannon Marshall,Mouse,7,717.1,2024-07-12,Central
SAL100555,Kelly Nguyen,Phone,7,735.32,2025-02-05,South
SAL100556,Rebecca Mitchell,Printer,6,231.37,2024-12-16,West
SAL100557,Erica Bishop,Monitor,9,1862.86,2024-11-08,West
SAL100558,Lindsay Robertson,Camera,1,1835.91,2024-11-18,East
SAL100559,Priscilla King,Laptop,4,605.73,2025-05-23,Central
SAL100560,Nicholas Johnson,Camera,8,284.43,2024-10-31,Central
SAL100561,Robert Schmitt,Printer,7,1821.01,2024-07-11,East
SAL100562,Ryan Herrera,Phone,2,1930.4,2024-09-15,Central
SAL100563,Eric Richards,Mouse,6,182.72,2025-04-07,Central
SAL100564,Robert Johnson,Printer,7,219.88,2024-08-20,North
SAL100565,Carmen Williams,Phone,7,799.52,2024-06-17,East
SAL100566,Jeffrey Morales,Phone,9,1751.24,2024-12-23,North
SAL100567,Shane Jackson,Mouse,8,761.27,2024-09-21,South
SAL100568,Michael Miller,Laptop,6,864.87,2024-06-13,East
SAL100569,Anna Burnett,Laptop,1,1195.51,2025-06-10,West
SAL100570,Katie Hancock,Phone,6,453.54,2025-04-11,East
SAL100571,Mary Chaney,Tablet,7,1641.21,2024-07-09,Central
SAL100572,Chad Wu,Camera,3,610.49,2024-10-17,South
SAL100573,Eric Lester,Monitor,1,703.68,2025-05-22,West
SAL100574,Michaela King,Camera,4,1541.46,2024-08-11,East
SAL100575,Cynthia Sanchez,Camera,8,1957.35,2024-09-20,Central
SAL100576,Emily Steele,Monitor,8,679.45,2025-01-02,South
SAL100577,Katherine Rodriguez,Camera,9,1987.48,2025-05-11,North
SAL100578,Brett Harrington,Mouse,1,546.44,2025-01-11,North
SAL100579,Joe Raymond,Monitor,7,1351.76,2025-01-04,East
SAL100580,Tiffany Hansen,Laptop,7,581.68,2024-07-24,Central
SAL100581,Daniel Wells,Laptop,4,1290.86,2025-01-03,Central
SAL100582,Christine Cross,Monitor,4,301.32,2025-06-11,West
SAL100583,Tracy Ward,Keyboard,7,708.85,2025-03-31,East
SAL100584,Gregory Martinez,Tablet,9,1982.01,2025-03-07,East
SAL100585,Megan Smith,Printer,1,181.0,2024-07-03,East
SAL100586,Joseph Johnson,Phone,2,527.36,2024-10-27,East
SAL100587,Nicole Chapman,Camera,1,1808.77,2025-06-08,Central
SAL100588,Alexander Smith,Laptop,7,1671.86,2024-12-18,West
SAL100589,Olivia Duffy,Laptop,8,303.38,2025-01-12,South
SAL100590,Marie Wright,Printer,1,145.92,2024-08-07,North
SAL100591,Linda Reynolds DVM,Printer,4,846.72,2024-11-17,East
SAL100592,Emily Hansen,Tablet,2,183.04,2024-10-05,Central
SAL100593,Stanley Sanchez,Camera,4,1637.39,2024-07-31,South
SAL100594,Jennifer Johnson,Phone,2,1858.95,2025-03-14,West
SAL100595,Olivia Townsend,Phone,9,526.05,2024-08-30,East
SAL100596,Cameron Armstrong,Phone,4,1334.65,2025-05-29,East
SAL100597,Manuel Gomez,Mouse,9,1412.82,2025-03-30,Central
SAL100598,Amy Daniel,Tablet,3,1717.2,2025-03-28,North
SAL100599,Alexandra Watts,Monitor,6,1872.37,2025-01-14,South
SAL100600,Julian Lloyd,Tablet,2,1024.75,2024-11-02,North
SAL100601,Jennifer Saunders,Keyboard,9,482.67,2025-01-04,Central
SAL100602,Judith Shepherd,Tablet,7,1820.73,2025-03-15,South
SAL100603,Scott Houston,Camera,7,590.98,2024-10-22,West
SAL100604,Dr. David Nguyen DDS,Keyboard,6,872.08,2025-06-05,North
SAL100605,Jon Williams,Phone,1,1496.14,2024-06-24,East
SAL100606,David Lin,Monitor,4,973.2,2025-01-12,East
SAL100607,Doris Hamilton,Keyboard,9,751.61,2024-09-24,West
SAL100608,Frank Jones,Printer,8,1585.15,2025-02-20,Central
SAL100609,Tammy Williams,Monitor,4,1144.58,2025-06-11,North
SAL100610,Amanda Welch,Keyboard,2,191.77,2024-09-05,East
SAL100611,Kevin Hernandez,Monitor,3,833.32,2024-11-22,East
SAL100612,Corey Hines,Mouse,3,358.2,2024-07-31,South
SAL100613,Kelly Montoya,Phone,1,110.92,2024-10-04,North
SAL100614,Brooke Jacobs,Laptop,1,1772.48,2024-08-14,East
SAL100615,Jerome Smith,Monitor,4,1990.29,2025-04-20,West
SAL100616,Shannon Erickson,Printer,7,795.37,2024-09-14,East
SAL100617,Candace Arnold,Printer,9,1493.43,2024-11-13,Central
SAL100618,Amanda Pham,Tablet,7,1660.94,2024-10-06,East
SAL100619,Tanner Gonzalez,Mouse,7,221.92,2025-02-14,North
SAL100620,Eric Dillon,Monitor,2,1934.58,2024-09-11,South
SAL100621,Robert Baker,Mouse,7,276.2,2025-05-07,West
SAL100622,Perry Hawkins,Keyboard,5,573.95,2024-07-17,West
SAL100623,Jasmine Nichols,Tablet,4,188.02,2024-07-18,Central
SAL100624,Douglas Burke,Camera,5,1724.5,2025-03-10,North
SAL100625,Jennifer Lewis,Keyboard,3,1402.5,2024-07-13,West
SAL100626,Hayley Jenkins,Tablet,2,502.31,2025-01-10,Central
SAL100627,Ronald Brooks,Printer,5,1191.07,2024-09-20,Central
SAL100628,Rebecca Parker DDS,Keyboard,7,267.27,2025-03-11,North
SAL100629,Andrew Williamson,Camera,5,552.73,2024-11-06,North
SAL100630,Monica Smith,Keyboard,8,1477.42,2025-01-22,West
SAL100631,Debra Walters,Camera,7,260.72,2024-10-13,East
SAL100632,Mike Wilson,Keyboard,9,460.66,2025-02-07,East
SAL100633,Alicia Wilson,Mouse,1,889.14,2024-12-12,West
SAL100634,Christopher Bryan,Mouse,5,238.47,2024-11-28,Central
SAL100635,Daniel Pierce,Tablet,5,1893.52,2025-02-06,North
SAL100636,Susan Ruiz,Keyboard,3,1215.45,2024-09-22,Central
SAL100637,Peter Smith,Monitor,9,1172.57,2024-09-15,East
SAL100638,Richard Carpenter,Tablet,6,190.43,2025-03-30,South
SAL100639,Penny Johnson,Laptop,5,647.02,2025-04-17,East
SAL100640,Joseph Martin,Mouse,4,587.36,2024-08-06,Central
SAL100641,Richard Jacobs,Tablet,7,298.28,2024-11-04,South
SAL100642,Stacey Campbell,Monitor,4,707.71,2024-10-04,Central
SAL100643,Katrina Brown,Laptop,1,1165.62,2025-03-08,Central
SAL100644,Jacqueline Sanchez,Printer,3,1968.19,2025-02-02,South
SAL100645,Kathleen Fisher,Phone,8,1263.23,2025-01-03,East
SAL100646,Ellen Carrillo,Mouse,1,986.36,2025-02-20,South
SAL100647,Ashley Myers,Keyboard,6,142.64,2024-10-22,South
SAL100648,Mrs. Jessica Wells,Camera,3,1056.67,2025-05-17,West
SAL100649,Cindy Adams,Monitor,2,1467.25,2024-08-16,Central
SAL100650,Jennifer Gentry,Mouse,3,719.21,2025-02-25,South
SAL100651,Deborah Thomas,Mouse,4,1718.92,2024-07-19,West
SAL100652,Courtney Blake,Camera,4,1001.09,2024-10-08,North
SAL100653,Regina Lester,Laptop,8,370.88,2025-04-27,West
SAL100654,Joseph Jones,Mouse,9,1756.01,2024-08-02,South
SAL100655,Kristy Perez,Printer,2,1132.24,2025-04-29,North
SAL100656,Robert Henry,Laptop,2,969.26,2024-10-05,East
SAL100657,Shelley Higgins,Keyboard,5,860.94,2025-05-13,North
SAL100658,Ivan Nguyen DVM,Phone,1,674.68,2025-03-13,East
SAL100659,Claudia Reynolds,Keyboard,9,233.19,2025-01-05,Central
SAL100660,Peter Gray,Monitor,1,400.48,2025-03-01,East
SAL100661,Cathy Atkins,Phone,3,1064.34,2024-09-16,North
SAL100662,Matthew Sellers,Tablet,1,754.48,2025-04-26,Central
SAL100663,Brenda Griffin,Tablet,6,1830.0,2025-01-26,North
SAL100664,Robert Ramirez,Keyboard,8,642.82,2025-04-19,East
SAL100665,Tracy Arias,Laptop,5,188.77,2025-05-21,South
SAL100666,Tricia Smith,Keyboard,3,793.99,2025-04-17,South
SAL100667,Jasmine Morales,Keyboard,7,1335.75,2025-03-19,East
SAL100668,Daniel Burgess,Keyboard,5,1575.58,2024-08-30,Central
SAL100669,Michael Williams,Mouse,4,1084.36,2024-12-20,North
SAL100670,Ryan Mills,Mouse,9,789.9,2024-07-17,North
SAL100671,Amy Clark,Phone,7,527.08,2024-08-24,East
SAL100672,Katherine Campbell,Laptop,8,1016.13,2024-10-20,North
SAL100673,Amy Ramirez,Tablet,2,466.11,2025-01-07,East
SAL100674,Ana Cruz,Keyboard,2,1290.43,2024-08-31,South
SAL100675,Jessica Frank,Tablet,8,861.81,2025-05-15,South
SAL100676,Jason Ellis,Mouse,6,782.97,2025-05-22,East
SAL100677,Ruben Anderson,Camera,1,809.85,2024-08-02,East
SAL100678,Lori Hopkins,Mouse,3,1087.05,2024-12-18,North
SAL100679,Katherine Black,Camera,6,373.81,2024-07-11,West
SAL100680,Luke Choi,Laptop,6,1154.12,2024-07-23,North
SAL100681,Eric Davis,Camera,7,1001.56,2025-01-28,Central
SAL100682,Ann Hill,Tablet,4,907.35,2024-12-25,West
SAL100683,Douglas Walker,Mouse,6,1551.26,2025-05-14,North
SAL100684,Christopher Simmons,Phone,9,1782.55,2024-09-19,Central
SAL100685,Adriana Reed,Monitor,9,1797.83,2024-12-03,North
SAL100686,Melissa Ayala,Keyboard,9,1621.92,2024-12-30,West
SAL100687,Martin Carter,Keyboard,6,975.25,2025-02-04,North
SAL100688,Nicole Crosby,Printer,2,1407.55,2024-08-12,North
SAL100689,Sandra Gonzalez,Camera,1,246.52,2025-04-05,North
SAL100690,Mariah Rodriguez,Phone,8,275.75,2025-01-28,West
SAL100691,Ronald Parker,Keyboard,1,804.34,2025-05-19,West
SAL100692,Monica Johnson,Camera,8,233.79,2025-03-24,East
SAL100693,Lorraine Wilson,Monitor,3,983.19,2025-02-07,Central
SAL100694,Lori Gibson,Camera,7,650.44,2024-09-25,East
SAL100695,Sherry Hill MD,Keyboard,1,502.98,2025-04-27,Central
SAL100696,Billy Davis,Printer,7,1200.29,2024-08-06,North
SAL100697,Jonathan Craig,Monitor,9,1176.46,2025-01-20,South
SAL100698,Angela Riddle,Laptop,7,1625.76,2024-06-28,West
SAL100699,John Holmes,Tablet,6,1946.22,2025-05-02,Central
SAL100700,Tracy Bailey,Laptop,6,516.26,2024-10-25,Central
SAL100701,April Kidd,Laptop,9,772.34,2025-05-14,Central
SAL100702,Sara Lucas,Phone,5,953.36,2025-01-17,South
SAL100703,Chelsey Santos,Camera,4,258.92,2024-10-09,East
SAL100704,Kathryn Townsend,Camera,2,1388.84,2024-06-17,North
SAL100705,Carlos Sanchez,Tablet,7,1771.24,2024-10-14,West
SAL100706,Andrew Hess,Laptop,3,733.86,2024-12-03,East
SAL100707,Andrea Harrison,Mouse,8,1236.01,2024-10-28,Central
SAL100708,Cynthia Barrett,Laptop,1,302.37,2024-10-12,Central
SAL100709,Amanda Brown,Tablet,1,1976.48,2025-02-23,Central
SAL100710,Crystal Lucas,Keyboard,1,392.12,2025-02-09,South
SAL100711,Dr. Teresa Jones,Keyboard,6,1237.77,2025-03-23,South
SAL100712,Renee Brown,Phone,3,692.14,2025-03-25,Central
SAL100713,Danielle Rice,Camera,6,1728.19,2025-05-21,East
SAL100714,Dawn Garcia,Tablet,2,952.67,2024-12-07,South
SAL100715,Danielle Fuentes,Tablet,3,1727.51,2024-08-06,South
SAL100716,Theresa Cline,Laptop,8,1589.54,2024-09-04,East
SAL100717,Jennifer Erickson,Mouse,6,1183.54,2024-08-30,Central
SAL100718,Jennifer Baker,Laptop,5,614.66,2024-08-05,West
SAL100719,Edward Watson,Camera,3,1703.13,2024-11-13,North
SAL100720,Jerry Alvarez,Monitor,7,578.56,2025-02-24,North
SAL100721,Martin Alexander,Laptop,2,462.44,2024-10-17,North
SAL100722,Daniel Simpson,Phone,7,1300.59,2025-03-31,West
SAL100723,Marilyn Gomez,Tablet,1,296.64,2024-09-01,North
SAL100724,Todd Lopez,Printer,2,1834.82,2024-11-18,Central
SAL100725,Tyler Perez,Camera,6,1629.76,2024-11-22,Central
SAL100726,Trevor Kelly,Tablet,9,1432.52,2024-08-10,South
SAL100727,David Phillips,Printer,7,185.33,2025-05-05,West
SAL100728,Julie Cox,Tablet,3,264.32,2024-06-18,East
SAL100729,Paula Huerta,Laptop,9,1220.98,2025-03-15,Central
SAL100730,Steven Neal,Laptop,1,1020.42,2025-05-16,South
SAL100731,Eric Smith,Camera,5,423.2,2025-02-03,North
SAL100732,Jimmy Carter,Printer,5,304.9,2025-01-05,Central
SAL100733,Juan Garcia,Tablet,5,576.1,2024-10-16,North
SAL100734,Marco Johnson,Monitor,6,669.89,2024-06-30,South
SAL100735,Jenna White,Mouse,5,1074.68,2025-03-11,West
SAL100736,Terry Heath,Tablet,8,1649.36,2025-02-02,North
SAL100737,Annette Maldonado,Printer,4,312.05,2024-11-25,West
SAL100738,Stephanie Brown,Keyboard,4,1220.31,2024-11-17,West
SAL100739,Sheila Fletcher,Phone,9,1898.8,2025-05-25,West
SAL100740,Diane Wagner,Printer,2,191.73,2024-09-06,North
SAL100741,Lauren Mooney,Keyboard,6,1436.77,2024-10-15,South
SAL100742,Suzanne Hinton,Keyboard,2,908.0,2024-11-01,South
SAL100743,Douglas Webb,Keyboard,9,1608.09,2024-09-18,West
SAL100744,Johnny Lee,Camera,6,146.35,2024-09-21,South
SAL100745,Bryan Ruiz,Keyboard,6,1660.93,2024-12-09,Central
SAL100746,James Bailey,Tablet,6,169.39,2024-10-14,South
SAL100747,Shari Perez,Monitor,5,1295.88,2025-02-14,South
SAL100748,Jordan Sanders,Keyboard,7,1405.87,2024-06-24,Central
SAL100749,Lance Williams,Monitor,7,1617.38,2025-01-29,East
SAL100750,Stephanie Martinez,Camera,8,949.19,2024-10-23,East
SAL100751,Carrie Phillips,Camera,2,1238.25,2025-01-23,West
SAL100752,Michael Torres,Tablet,7,199.33,2024-10-18,East
SAL100753,Rebecca Dunn,Tablet,3,1471.84,2025-02-09,East
SAL100754,Jennifer Hodge,Phone,6,1160.22,2025-03-06,North
SAL100755,Jose Charles,Tablet,9,935.21,2025-03-15,East
SAL100756,Cynthia Johnson,Phone,8,901.76,2025-01-16,West
SAL100757,Joseph Cruz,Laptop,5,1981.37,2025-01-27,South
SAL100758,Sonya Delacruz,Monitor,5,1364.22,2025-05-02,West
SAL100759,Christian Thompson,Laptop,7,1465.35,2025-03-28,East
SAL100760,Jordan Bishop,Monitor,8,1762.72,2024-10-02,West
SAL100761,Deborah Munoz,Phone,4,100.45,2024-12-14,North
SAL100762,Michael Mora,Mouse,3,533.02,2025-01-11,South
SAL100763,Brianna Reynolds MD,Monitor,3,1983.96,2024-11-24,North
SAL100764,Melanie Reid,Mouse,6,1845.53,2024-09-28,North
SAL100765,Michael Edwards,Phone,9,346.71,2025-03-04,North
SAL100766,Nicole Rodriguez,Printer,2,1376.85,2024-09-27,Central
SAL100767,Linda Turner,Monitor,8,196.77,2025-02-07,West
SAL100768,Kelly Allen,Phone,9,1958.5,2024-11-28,East
SAL100769,David Garcia,Phone,8,1562.26,2024-06-19,North
SAL100770,Kyle Adams,Monitor,5,1982.49,2024-11-01,West
SAL100771,Sandy Juarez,Monitor,5,1550.58,2024-08-05,Central
SAL100772,Kelsey Taylor,Camera,9,689.16,2024-12-31,North
SAL100773,Jessica Sanchez,Tablet,7,772.32,2024-09-06,South
SAL100774,Stephanie Bullock,Keyboard,4,1599.36,2024-08-01,Central
SAL100775,Reginald Singh,Camera,6,280.77,2024-09-15,South
SAL100776,Mark Perez,Monitor,8,1579.98,2024-10-04,North
SAL100777,Jeffrey Schwartz,Monitor,2,289.1,2025-03-03,Central
SAL100778,Amber Schneider,Phone,5,1958.69,2024-10-25,South
SAL100779,Jason Stark,Camera,3,825.49,2025-04-08,West
SAL100780,Spencer Bryant,Phone,6,1232.32,2024-06-17,West
SAL100781,Maureen Brewer,Keyboard,1,867.03,2025-02-28,South
SAL100782,David Jones,Phone,4,1887.72,2024-10-16,East
SAL100783,Cody Schaefer,Monitor,3,726.11,2025-03-18,West
SAL100784,Connor Reynolds,Keyboard,8,530.13,2025-03-23,West
SAL100785,Craig Brown,Mouse,1,1307.43,2025-02-21,East
SAL100786,Tamara Sullivan,Phone,7,1019.28,2024-06-19,South
SAL100787,Jeffrey Stone,Tablet,5,703.41,2025-06-09,West
SAL100788,Valerie Carroll,Phone,8,1140.88,2025-05-21,North
SAL100789,Mary Hansen,Keyboard,5,1113.68,2024-08-15,Central
SAL100790,Jaime Morgan,Mouse,6,708.5,2025-05-07,West
SAL100791,Emily Brown,Printer,9,935.69,2025-04-04,West
SAL100792,Patricia Rivera,Laptop,9,1801.04,2024-11-02,South
SAL100793,Dustin Mueller,Monitor,8,1639.16,2024-11-18,South
SAL100794,Mathew Ferrell,Printer,4,1876.18,2024-08-20,Central
SAL100795,Denise Edwards,Keyboard,6,320.57,2024-10-27,North
SAL100796,Stacey Perkins,Tablet,3,669.24,2024-08-25,South
SAL100797,Grace Waller,Printer,6,1743.02,2025-05-22,West
SAL100798,Charles Hardy,Monitor,4,360.24,2024-08-01,East
SAL100799,Bryan Wiley,Keyboard,1,368.34,2025-04-07,South
SAL100800,Brian Suarez,Mouse,7,296.03,2024-07-01,West
SAL100801,John Adkins,Printer,9,1962.57,2024-11-04,East
SAL100802,Shirley Davis,Camera,4,1261.35,2025-05-24,West
SAL100803,Michael Barajas,Printer,1,1199.15,2024-12-29,South
SAL100804,Erica Jenkins,Keyboard,3,120.06,2024-12-22,South
SAL100805,Crystal Thomas,Laptop,2,583.92,2024-09-11,South
SAL100806,Sandra Smith,Laptop,7,1884.37,2025-02-11,North
SAL100807,Jeffrey Dennis,Phone,8,790.9,2025-04-12,East
SAL100808,Matthew Donovan,Monitor,1,1574.59,2025-02-24,South
SAL100809,Kelly James,Phone,8,1820.91,2024-09-20,South
SAL100810,Anne Scott,Laptop,7,886.2,2024-07-06,North
SAL100811,Christopher Brown,Tablet,9,531.08,2025-02-24,East
SAL100812,Heather Larson,Mouse,1,1783.12,2024-07-15,East
SAL100813,Cameron Coleman,Mouse,9,871.12,2025-05-04,West
SAL100814,Christine Sanchez,Printer,6,810.13,2025-02-28,West
SAL100815,Jennifer Ingram,Printer,3,799.87,2025-04-08,South
SAL100816,Nicholas Chen,Mouse,3,1626.91,2024-08-28,West
SAL100817,Teresa Barr,Tablet,2,1444.27,2025-04-13,North
SAL100818,Mark Weeks,Camera,2,1557.33,2024-08-17,West
SAL100819,Seth Shaw,Mouse,5,1214.46,2024-09-19,South
SAL100820,Paul Sanders,Phone,3,1841.3,2025-02-25,East
SAL100821,Zachary Garrett,Monitor,3,859.31,2024-07-18,North
SAL100822,Natalie Parks,Printer,1,1380.3,2025-02-19,North
SAL100823,April Davis,Mouse,5,1767.86,2025-02-06,Central
SAL100824,Amy Pierce,Camera,4,554.15,2024-11-14,East
SAL100825,Christine Rodriguez,Mouse,8,1111.71,2024-12-02,North
SAL100826,Derrick Scott,Mouse,8,769.96,2025-05-11,West
SAL100827,Arthur Vasquez,Mouse,3,1070.21,2025-03-22,West
SAL100828,Edward Johnson,Mouse,8,896.03,2024-09-06,East
SAL100829,Heidi Ford,Camera,2,970.62,2024-08-01,West
SAL100830,Lawrence Hoffman,Keyboard,3,935.37,2025-02-08,Central
SAL100831,Ricky Holden,Laptop,3,1681.1,2025-01-16,East
SAL100832,Margaret Ramirez,Phone,3,1570.62,2025-06-05,North
SAL100833,Andrew Hayes,Laptop,4,201.77,2024-09-22,East
SAL100834,Gary Hart,Keyboard,2,852.61,2025-02-13,East
SAL100835,Robert Garcia,Tablet,1,680.95,2025-03-26,Central
SAL100836,Vanessa Zhang,Phone,9,1043.49,2025-02-07,Central
SAL100837,Thomas Ayala,Printer,9,1971.28,2024-12-31,North
SAL100838,Diane Hill,Keyboard,7,152.45,2024-10-13,Central
SAL100839,Mrs. Angela Green MD,Laptop,7,1392.09,2025-04-15,Central
SAL100840,Kathleen Herrera,Camera,3,904.37,2024-10-12,East
SAL100841,Kathleen Perry PhD,Printer,7,237.23,2025-04-23,South
SAL100842,Frank Ross,Printer,8,1257.09,2025-04-11,East
SAL100843,Douglas Manning,Laptop,5,726.98,2025-02-15,Central
SAL100844,Erin Moore,Phone,2,1597.23,2025-04-11,Central
SAL100845,Angela Mclaughlin,Monitor,8,840.94,2024-10-02,South
SAL100846,Jeffrey Marshall,Printer,1,566.98,2025-02-09,East
SAL100847,Michelle Jenkins,Laptop,9,1526.04,2025-04-10,South
SAL100848,Roger Snyder,Tablet,6,1602.09,2024-07-14,East
SAL100849,Lisa Lee,Printer,5,1220.97,2024-07-10,North
SAL100850,Matthew Morales,Phone,8,893.11,2025-05-30,South
SAL100851,Robert Lee,Phone,7,1771.76,2024-12-16,North
SAL100852,Sandra Walker,Laptop,3,1468.78,2024-08-22,Central
SAL100853,Katherine Zimmerman,Phone,8,1462.53,2025-03-02,North
SAL100854,Jennifer Stevenson,Printer,9,1241.97,2024-07-08,South
SAL100855,Deanna Schroeder,Tablet,4,517.9,2024-08-23,South
SAL100856,Aaron Garza,Monitor,3,1498.63,2025-04-25,West
SAL100857,Nichole Tyler,Tablet,9,1388.59,2025-06-09,North
SAL100858,Michael Woodward,Monitor,9,1199.74,2024-10-04,South
SAL100859,Ronald Cain,Phone,2,1879.71,2025-03-20,North
SAL100860,Cindy Wilkinson,Tablet,5,1858.28,2025-01-18,North
SAL100861,Heather Frey,Laptop,1,1231.78,2025-04-01,Central
SAL100862,Lisa Peterson,Keyboard,6,1011.78,2025-05-18,West
SAL100863,Andrea Stout,Keyboard,2,225.11,2025-06-07,Central
SAL100864,Jesse Cruz DDS,Laptop,6,295.04,2025-05-26,Central
SAL100865,Hannah Ayers,Monitor,4,1933.43,2024-12-11,East
SAL100866,Michael Shields,Tablet,1,392.53,2024-10-06,South
SAL100867,Melissa Cummings,Printer,5,862.55,2024-12-16,North
SAL100868,Brandon Mitchell,Mouse,6,495.53,2024-06-27,South
SAL100869,Alexandra Hoffman,Phone,5,1466.91,2024-09-02,Central
SAL100870,Jason Richardson,Phone,5,700.4,2025-06-01,North
SAL100871,Michael Nielsen,Monitor,9,1826.43,2025-02-03,Central
SAL100872,Kimberly Reed,Phone,2,936.72,2025-02-08,West
SAL100873,Dustin Doyle,Monitor,9,1679.84,2025-02-12,West
SAL100874,Kyle Thomas,Phone,3,205.71,2024-10-09,Central
SAL100875,Alicia Gonzalez,Printer,6,241.55,2024-09-09,East
SAL100876,Sarah Williams,Mouse,8,1778.14,2025-05-18,South
SAL100877,Nicholas Wilson,Camera,9,1527.49,2025-01-26,West
SAL100878,Chad Gutierrez,Keyboard,5,1249.76,2025-04-04,South
SAL100879,Tiffany Wagner,Camera,2,1696.16,2024-09-21,North
SAL100880,Richard Jones,Keyboard,7,1576.98,2025-04-05,South
SAL100881,Jessica Scott,Phone,9,1487.0,2024-10-06,East
SAL100882,Yolanda Vaughan,Phone,8,269.36,2024-08-04,South
SAL100883,Susan Stewart,Printer,1,1648.5,2024-12-19,North
SAL100884,Christie Quinn,Phone,9,889.47,2024-11-30,Central
SAL100885,Edward Wilcox,Monitor,5,535.38,2024-07-13,East
SAL100886,Amber Mercer,Printer,1,1053.06,2024-07-07,East
SAL100887,Kimberly Aguilar,Tablet,7,1719.37,2025-06-11,East
SAL100888,Erica Davenport,Phone,8,1167.04,2025-05-14,West
SAL100889,Rhonda Cervantes,Keyboard,9,695.57,2025-04-24,North
SAL100890,Kristen Adams,Mouse,5,291.03,2024-09-29,East
SAL100891,Andrea Gonzales MD,Monitor,7,1277.55,2025-03-14,East
SAL100892,Nancy King,Keyboard,4,1322.87,2025-05-23,Central
SAL100893,Jerome Sparks,Laptop,5,1715.47,2025-03-05,Central
SAL100894,Douglas Crosby,Keyboard,2,1586.08,2025-03-11,West
SAL100895,Mary Young,Mouse,3,878.24,2024-12-16,South
SAL100896,Angela Weeks,Monitor,8,1149.36,2024-08-17,Central
SAL100897,Lauren Collins,Laptop,2,198.96,2024-09-08,Central
SAL100898,Travis Wells,Keyboard,3,1746.6,2025-01-30,Central
SAL100899,Kevin George,Laptop,7,1462.58,2024-06-26,East
SAL100900,Sean Adams,Mouse,2,791.5,2025-02-21,South
SAL100901,Catherine Glover,Printer,5,1135.65,2024-07-26,East
SAL100902,Anthony Day,Phone,2,109.76,2024-07-12,South
SAL100903,Heather Nixon,Tablet,2,518.77,2025-05-02,West
SAL100904,Angela Holloway,Printer,1,1873.27,2025-03-22,Central
SAL100905,Morgan Adams,Camera,6,1005.88,2024-07-21,East
SAL100906,Raymond Ross,Printer,9,710.97,2024-07-28,Central
SAL100907,Stacy Tate,Phone,9,936.23,2025-03-10,North
SAL100908,Mathew Martinez,Printer,4,297.78,2024-10-27,East
SAL100909,Cathy Wade,Mouse,5,260.99,2025-03-11,South
SAL100910,Linda Carney,Laptop,2,1937.21,2024-09-30,North
SAL100911,Cheryl Estrada,Keyboard,4,1432.46,2025-04-05,East
SAL100912,James Robinson,Laptop,7,1848.45,2024-10-12,North
SAL100913,Jennifer Patel,Printer,7,1586.03,2025-03-15,West
SAL100914,Roberta Parsons,Keyboard,6,150.44,2025-01-21,North
SAL100915,Jonathan Merritt,Camera,5,894.64,2025-01-01,South
SAL100916,Jesse Blair,Mouse,2,1321.26,2024-09-15,South
SAL100917,Angie Curtis,Camera,2,351.52,2024-08-19,Central
SAL100918,Robert Jones,Mouse,3,1450.94,2024-08-24,West
SAL100919,Larry Young,Camera,1,1028.21,2024-12-21,Central
SAL100920,Laurie Hall,Tablet,8,988.44,2025-04-13,East
SAL100921,Amanda Anderson,Printer,3,464.15,2025-03-25,East
SAL100922,Katelyn Pratt,Mouse,1,949.63,2024-11-07,North
SAL100923,William Schmidt,Keyboard,2,1874.0,2025-05-06,Central
SAL100924,Sarah Edwards,Monitor,4,1621.87,2025-03-12,North
SAL100925,Toni Collins,Phone,8,207.29,2024-10-08,East
SAL100926,Peter Taylor,Monitor,7,1733.63,2024-09-02,West
SAL100927,Lisa Snow,Camera,9,1634.43,2024-09-29,Central
SAL100928,Theresa Kelly,Monitor,3,992.11,2025-05-18,North
SAL100929,Sandra Barron,Tablet,4,507.24,2024-06-22,East
SAL100930,Peter Rose,Tablet,1,1356.8,2025-01-14,Central
SAL100931,Karen Burns,Printer,2,971.39,2025-02-05,North
SAL100932,Jessica Robinson,Laptop,6,1255.21,2025-02-20,South
SAL100933,Laura Gonzalez,Keyboard,6,1810.46,2024-09-09,South
SAL100934,Travis Larson,Phone,1,503.29,2024-09-30,West
SAL100935,Anthony Adams,Phone,7,877.58,2024-06-13,North
SAL100936,Randall Butler,Laptop,8,1681.08,2024-12-06,South
SAL100937,Stefanie Fitzgerald,Phone,9,1449.57,2025-03-20,Central
SAL100938,Jane Peters,Printer,8,709.63,2024-08-15,East
SAL100939,Kevin Miranda III,Phone,3,1044.48,2025-05-30,East
SAL100940,Andrew Moyer,Printer,9,1358.94,2025-03-25,East
SAL100941,Jonathan Wyatt,Tablet,9,1411.42,2025-02-10,North
SAL100942,Mrs. Theresa Day,Laptop,7,197.32,2024-07-01,North
SAL100943,Lisa Gardner,Phone,5,431.27,2025-05-02,East
SAL100944,David Munoz,Monitor,8,1332.75,2025-01-09,Central
SAL100945,Sarah Harper,Tablet,3,1865.83,2024-07-09,Central
SAL100946,Jennifer Mason,Tablet,2,304.89,2024-08-24,West
SAL100947,Daniel Butler Jr.,Tablet,8,496.87,2024-10-03,East
SAL100948,Kathleen Cox,Phone,1,1879.57,2024-08-11,West
SAL100949,Sheri Perry,Printer,1,694.71,2024-12-29,East
SAL100950,Mallory Perry,Printer,2,975.98,2025-06-03,North
SAL100951,Jennifer Holden,Printer,3,1475.33,2024-07-15,West
SAL100952,Andrew Hunter,Tablet,5,208.69,2025-04-23,South
SAL100953,Yesenia Jones,Keyboard,8,664.41,2025-03-21,West
SAL100954,Tiffany Moore,Tablet,2,285.05,2024-11-24,West
SAL100955,Ryan Watson,Mouse,7,665.68,2024-06-19,Central
SAL100956,Bob Ponce,Camera,7,1870.94,2024-11-17,East
SAL100957,Craig Hawkins,Camera,5,437.61,2024-10-23,Central
SAL100958,Raymond Ferguson,Phone,9,977.8,2025-01-30,East
SAL100959,David Lopez,Laptop,5,706.07,2025-02-04,East
SAL100960,Jose Benson,Laptop,2,292.35,2024-09-21,West
SAL100961,Brett Weaver,Phone,4,1369.39,2025-05-30,East
SAL100962,Ryan Ball,Camera,2,661.39,2024-08-16,South
SAL100963,Patricia Perez,Camera,6,1987.79,2024-09-16,East
SAL100964,Maria Ramos,Printer,7,1679.54,2025-03-20,East
SAL100965,Renee Dalton,Keyboard,9,1870.02,2024-07-29,South
SAL100966,Nicole Turner,Laptop,9,951.14,2025-03-12,South
SAL100967,Annette Sanders,Keyboard,6,1676.53,2024-09-24,West
SAL100968,Kimberly Elliott,Tablet,4,1345.98,2024-08-15,South
SAL100969,Dylan Best,Laptop,4,1441.12,2025-02-25,North
SAL100970,John Shelton,Tablet,9,1902.24,2024-10-19,Central
SAL100971,Seth Fox,Tablet,9,1529.36,2024-10-05,North
SAL100972,Reginald Anderson,Keyboard,3,1687.38,2025-03-21,Central
SAL100973,Matthew Collins,Laptop,3,177.0,2025-01-14,East
SAL100974,Matthew Spence,Tablet,4,1618.42,2025-04-30,East
SAL100975,Richard Madden,Camera,8,1260.98,2024-08-04,Central
SAL100976,William Elliott,Camera,9,535.09,2024-07-13,North
SAL100977,Amanda Collier,Mouse,5,1090.6,2025-06-08,Central
SAL100978,Melissa Sosa,Mouse,3,1813.7,2024-10-15,West
SAL100979,Courtney Curtis,Mouse,6,1374.58,2025-02-09,East
SAL100980,Maxwell Harris,Printer,8,216.07,2024-08-31,North
SAL100981,Ashley Holloway,Phone,7,1487.35,2024-11-02,North
SAL100982,Dylan Mercer,Phone,9,1219.4,2024-09-15,West
SAL100983,Adam Bishop,Printer,7,1808.9,2025-03-23,South
SAL100984,Lisa Anderson,Printer,7,1994.67,2024-11-15,West
SAL100985,Johnathan Delacruz,Camera,8,1193.51,2024-11-26,West
SAL100986,Joseph Holland,Camera,3,1371.61,2024-11-12,South
SAL100987,Rhonda Johnson,Monitor,5,1109.89,2024-10-02,East
SAL100988,Roger Walker,Tablet,7,689.62,2024-11-10,North
SAL100989,Renee Jackson,Printer,1,1496.74,2024-07-17,Central
SAL100990,Caroline Miller,Printer,6,1365.26,2024-10-27,North
SAL100991,Tracy Wyatt,Printer,4,1695.0,2024-12-12,South
SAL100992,Elizabeth Burns,Mouse,5,984.11,2024-11-22,East
SAL100993,Jose Spears,Mouse,3,1388.09,2025-02-25,West
SAL100994,Sharon Yu,Tablet,9,973.65,2024-07-15,North
SAL100995,Victoria Clark,Monitor,4,930.75,2024-09-26,West
SAL100996,Jeffrey Cruz,Phone,1,1649.66,2024-09-11,West
SAL100997,Laura Simmons,Keyboard,8,1294.67,2024-10-19,East
SAL100998,William Schneider,Laptop,4,1966.88,2025-02-24,Central
SAL100999,Karla Cantu,Mouse,8,899.35,2025-01-18,South
