Sale_ID,Customer_Name,Product,Quantity,Sale_Price,Sale_Date,Region,Sales_Channel,Sales_Rep,Sale_Cost
SAL100000,Joel Ochoa,Keyboard,6,1150.41,2025-03-16,South,Online,Alejandro Rivera,986.87
SAL100001,Danielle Chen,Camera,1,1533.1,2025-05-11,West,Reseller,Shelia Montgomery,1315.16
SAL100002,Veronica Bryant,Mouse,1,1982.68,2024-07-01,East,Retail,Krista Gardner,1700.82
SAL100003,Amy Lawson,Mouse,1,517.27,2024-06-29,South,Reseller,Lisa Rodgers,443.74
SAL100004,John Griffin,Phone,3,494.09,2024-09-02,Central,Online,Christina Navarro,423.85
SAL100005,Justin Murphy,Keyboard,1,665.55,2025-02-17,North,Retail,Daniel Green,570.94
SAL100006,Jesse Stein,Mouse,9,868.42,2025-03-18,North,Reseller,Michael Brown,744.97
SAL100007,Beverly Turner,Mouse,1,399.78,2024-09-02,West,Reseller,Ryan Payne,342.95
SAL100008,George Blackburn,Printer,5,1217.12,2024-06-30,East,Retail,Karen Reid,1044.1
SAL100009,Nicole Mcguire,Monitor,3,118.41,2025-03-10,West,Reseller,Amy Jones MD,101.58
SAL100010,Zachary Green,Mouse,2,304.28,2025-06-09,West,Online,Charles Long,261.02
SAL100011,William White,Camera,4,1399.54,2025-03-23,West,Online,Sydney Johnson DVM,1200.58
SAL100012,Gregory Schaefer,Tablet,5,1085.05,2024-09-08,Central,Reseller,Jonathan Sparks,930.8
SAL100013,James Fuller,Camera,9,1768.22,2024-07-03,East,Online,Matthew Douglas,1516.85
SAL100014,Robert Lindsey,Camera,9,316.53,2025-04-03,South,Retail,Laura Vazquez,271.53
SAL100015,Alexander Woods,Mouse,5,800.97,2024-11-26,North,Online,Pamela Wilson,687.11
SAL100016,Joshua Garcia,Phone,4,171.92,2024-08-15,East,Reseller,Jessica Martin,147.48
SAL100017,Laura Wallace,Laptop,9,1096.44,2025-02-04,North,Online,Maria Neal,940.57
SAL100018,Brian Johnson,Mouse,1,105.56,2024-11-14,South,Retail,Ronald Cook,90.55
SAL100019,Sara Casey MD,Monitor,5,1377.08,2025-04-28,West,Retail,Steven Baker,1181.32
SAL100020,Eric Lewis,Phone,9,1195.86,2025-04-29,South,Retail,Linda Smith,1025.86
SAL100021,Linda Martinez,Monitor,6,1201.55,2024-08-01,East,Retail,Nathan Morris,1030.74
SAL100022,Kristina Miller,Mouse,7,997.68,2025-03-22,West,Retail,Laura Maxwell,855.85
SAL100023,Debra Mcmahon,Printer,2,734.3,2024-09-07,South,Reseller,Ashley Gonzalez,629.91
SAL100024,Joshua White,Monitor,7,634.61,2025-04-13,West,Reseller,Amber Underwood,544.39
SAL100025,Frank James,Monitor,4,1393.56,2025-05-08,Central,Online,Matthew Phillips,1195.45
SAL100026,Brittany Brock,Printer,7,524.15,2024-10-25,West,Online,Ellen Torres,449.64
SAL100027,Daniel Ford,Mouse,6,988.3,2025-01-01,West,Retail,Tina Smith,847.8
SAL100028,Michael Mann MD,Phone,7,991.01,2025-05-16,South,Reseller,Wanda Wheeler,850.13
SAL100029,Dr. April Robinson,Phone,7,1583.75,2025-05-25,Central,Retail,Janet Sharp,1358.61
SAL100030,Erin Guerrero,Laptop,4,215.76,2024-10-06,East,Reseller,Mr. Matthew Washington,185.09
SAL100031,Johnny Carter,Camera,9,454.64,2024-12-22,West,Online,Ryan Weaver,390.01
SAL100032,Kayla Richards,Printer,2,913.75,2024-12-26,West,Online,Christy Manning,783.85
SAL100033,Mitchell Spencer,Laptop,1,673.31,2024-10-10,East,Retail,Mr. Thomas Andrews,577.59
SAL100034,Andrea Peters,Tablet,5,791.96,2024-11-03,East,Reseller,Amanda Pierce,679.38
SAL100035,Brenda Parker,Tablet,3,845.31,2024-06-25,West,Online,Jason Webb,725.14
SAL100036,Wendy Elliott,Printer,6,190.06,2024-08-04,South,Online,Jennifer Hall,163.04
SAL100037,Jeanette Lucas,Monitor,3,366.74,2025-04-01,West,Reseller,Christopher Holder,314.6
SAL100038,Henry May,Tablet,6,768.7,2024-09-16,North,Retail,Matthew Leon,659.42
SAL100039,Lori Marsh,Tablet,8,1422.57,2025-05-27,Central,Online,Crystal Deleon,1220.34
SAL100040,Jared Hughes,Phone,1,971.66,2024-10-30,Central,Online,Karen Lewis,833.53
SAL100041,Charles Hood,Phone,8,901.27,2025-05-18,West,Retail,Carla Willis,773.15
SAL100042,Jacob Foster,Monitor,7,1204.72,2025-06-05,Central,Reseller,Brandy Eaton,1033.46
SAL100043,Kaylee George,Keyboard,9,607.65,2025-05-11,Central,Online,Wanda Gibson,521.27
SAL100044,Katherine Colon,Camera,1,652.61,2024-07-24,South,Online,Kenneth Mitchell,559.84
SAL100045,Andrea Foley,Phone,5,1357.79,2024-06-21,East,Reseller,Judith Sims,1164.77
SAL100046,Lori Walsh,Mouse,9,900.51,2024-12-13,North,Retail,Nathan Vazquez,772.49
SAL100047,Susan Torres,Monitor,5,119.59,2024-11-22,East,Online,Michael Moran,102.59
SAL100048,Richard Mccarthy,Printer,3,1590.83,2024-12-16,Central,Online,Brandon Pierce,1364.68
SAL100049,Shannon Crawford,Tablet,1,135.08,2025-02-25,North,Reseller,Pamela Garza,115.88
SAL100050,Melissa Davis,Laptop,9,843.62,2024-12-15,West,Online,Ricardo Lucas,723.69
SAL100051,Stephanie Evans,Printer,6,956.19,2024-08-27,West,Online,Shelly Mcdaniel,820.26
SAL100052,Brianna Joseph,Keyboard,2,1954.82,2024-06-18,West,Reseller,Amber Atkinson,1676.93
SAL100053,Amy Carr DDS,Laptop,4,403.88,2025-04-01,West,Reseller,Daniel Campbell,346.46
SAL100054,Tyrone May,Monitor,2,254.61,2025-04-05,North,Online,William Roy,218.41
SAL100055,Kenneth Williams,Mouse,6,436.97,2025-02-18,East,Online,Jeffrey Villarreal,374.85
SAL100056,Michael Lawrence,Camera,8,518.24,2025-04-21,Central,Reseller,Kristin Anderson,444.57
SAL100057,William Cohen,Phone,1,1658.08,2024-09-07,North,Retail,Jeffery Hansen,1422.37
SAL100058,Stacy Cortez,Tablet,7,516.76,2025-05-06,Central,Online,Miss Felicia Warren,443.3
SAL100059,Lisa Adams,Laptop,1,968.46,2024-12-26,Central,Online,Sarah Alexander,830.79
SAL100060,Angela Hunt,Printer,6,907.19,2024-12-25,North,Reseller,Adam Hall,778.23
SAL100061,Kevin Castillo,Printer,8,1665.66,2025-01-03,South,Online,Shannon Santos,1428.87
SAL100062,Dana Atkins,Tablet,5,1700.32,2025-01-18,West,Retail,Evelyn Davis,1458.6
SAL100063,Melissa Green,Mouse,7,638.9,2025-05-29,East,Online,Patrick Morrison DDS,548.07
SAL100064,Renee Carpenter,Monitor,8,1185.9,2024-08-30,Central,Online,Miss Jennifer Reid DDS,1017.31
SAL100065,Walter Garcia,Mouse,8,762.81,2025-05-11,North,Reseller,Tiffany Farley,654.37
SAL100066,Ryan Green,Keyboard,1,713.32,2024-09-23,North,Retail,Lori Taylor,611.92
SAL100067,Jennifer Garner,Phone,9,1709.96,2025-04-19,East,Online,Matthew Hebert,1466.87
SAL100068,Janice Day,Keyboard,4,736.22,2025-01-12,East,Online,Judith Duncan,631.56
SAL100069,William Washington,Monitor,7,192.76,2024-09-16,North,Reseller,Kevin Harrell,165.36
SAL100070,Tara Moody,Camera,9,1640.11,2025-01-30,East,Online,John Blankenship,1406.95
SAL100071,Rebecca Morris,Camera,3,313.84,2024-07-23,South,Online,Adrian Moore,269.22
SAL100072,Rachel Griffin,Phone,8,1883.93,2024-07-23,West,Reseller,Michael Austin,1616.11
SAL100073,Logan Allen,Phone,3,1857.46,2024-11-22,Central,Reseller,Sarah Smith,1593.41
SAL100074,Jennifer Edwards,Mouse,9,808.63,2024-09-11,South,Online,Morgan Armstrong,693.68
SAL100075,David Martinez,Monitor,4,485.22,2025-01-17,Central,Online,Joshua Fisher,416.24
SAL100076,Brian Davis,Camera,5,792.65,2024-12-27,East,Online,Stacy Smith,679.97
SAL100077,Tanya Gray,Laptop,5,1168.8,2024-10-01,East,Reseller,Mark Moreno,1002.64
SAL100078,Blake Walker,Phone,4,1694.3,2024-07-14,South,Reseller,Julie Lee,1453.44
SAL100079,Joshua Martin,Phone,2,1647.01,2024-07-22,South,Retail,Frank Clark,1412.87
SAL100080,Julie Myers,Monitor,4,963.98,2024-06-16,South,Retail,Zachary Holder,826.94
SAL100081,Jessica Robinson,Monitor,2,900.48,2024-08-01,East,Reseller,James Simpson,772.47
SAL100082,Patricia Rivera,Tablet,4,184.71,2024-11-06,West,Reseller,Lindsey Lewis,158.45
SAL100083,Eric Camacho,Monitor,3,803.87,2024-12-25,North,Reseller,Jeremy Cox,689.59
SAL100084,Susan Thornton,Keyboard,6,1668.33,2024-07-08,West,Online,Shirley Jones,1431.16
SAL100085,Jeremy Anderson,Mouse,6,1216.3,2024-08-05,North,Reseller,Jonathon Rivas,1043.39
SAL100086,Tara Edwards,Tablet,5,1501.24,2024-07-27,West,Retail,Deborah Alvarado,1287.83
SAL100087,Gregory Graves,Phone,9,629.67,2024-07-21,East,Online,Kristin Miller,540.16
SAL100088,Joe Griffin,Mouse,8,537.77,2024-08-24,North,Online,Tina Parsons,461.32
SAL100089,Bobby West,Keyboard,2,1933.19,2025-06-08,South,Online,Dakota Cooper,1658.37
SAL100090,Tamara Ramirez,Monitor,6,157.96,2024-08-21,South,Online,John Allen,135.5
SAL100091,Justin Davenport,Keyboard,3,315.67,2024-12-13,North,Retail,Rachel White,270.79
SAL100092,Tyler Clayton,Phone,3,1491.04,2024-07-06,Central,Reseller,Stacey Cross,1279.08
SAL100093,Jacqueline Lawson,Phone,6,1525.05,2025-05-20,Central,Retail,Jonathan Thompson,1308.25
SAL100094,Miss Christina Hall,Phone,5,905.27,2025-05-03,West,Retail,Terri Norris,776.58
SAL100095,Latoya Robinson,Laptop,6,1996.04,2025-02-20,South,Retail,Kelly Moran,1712.29
SAL100096,Melissa Leon,Camera,2,116.21,2025-06-13,West,Reseller,Ana Reeves,99.69
SAL100097,Jade David,Camera,5,1224.96,2024-12-05,Central,Online,Samantha Brooks,1050.82
SAL100098,Rebecca Bowers,Monitor,8,961.44,2024-12-01,Central,Reseller,Christopher Marks,824.76
SAL100099,Elizabeth Villarreal,Mouse,1,1356.76,2025-01-26,Central,Online,Jessica Rodriguez,1163.88
SAL100100,Ronald Brown,Monitor,3,338.14,2025-04-08,Central,Reseller,Timothy Hood,290.07
SAL100101,Mary Nguyen,Phone,1,1205.29,2024-08-21,East,Reseller,Bruce Cooper,1033.95
SAL100102,Danielle Clark,Printer,4,1241.88,2025-04-10,West,Retail,Andrew Bennett,1065.34
SAL100103,Jimmy Young,Phone,5,482.74,2024-10-10,East,Reseller,Mark Cardenas,414.11
SAL100104,Erica Johnson,Laptop,1,834.82,2024-07-17,South,Online,Jerry Fletcher,716.14
SAL100105,Jessica Larsen,Printer,3,383.12,2024-09-07,Central,Reseller,Elizabeth Barker,328.66
SAL100106,Thomas James,Mouse,8,1760.93,2024-09-14,East,Reseller,Eric Dunn,1510.6
SAL100107,Amanda Jones,Laptop,6,1360.68,2024-07-18,West,Online,Mary Green,1167.25
SAL100108,Travis Smith,Camera,3,275.93,2025-03-01,Central,Reseller,Vincent Brooks,236.7
SAL100109,Destiny Diaz,Keyboard,8,1906.58,2025-05-21,North,Reseller,Melissa Rodriguez PhD,1635.54
SAL100110,Jose Pearson,Keyboard,1,1765.99,2024-12-24,Central,Reseller,James Weaver,1514.94
SAL100111,Michelle Waters,Printer,2,1986.45,2024-07-08,North,Reseller,Jeffrey Garcia,1704.06
SAL100112,Susan Carrillo,Keyboard,6,448.17,2024-07-06,Central,Reseller,Lindsay Kim,384.46
SAL100113,Rachel Mack,Tablet,3,1321.79,2025-04-07,Central,Online,Timothy Hamilton,1133.89
SAL100114,Kristin Meadows,Keyboard,5,1347.14,2024-09-18,Central,Retail,Jamie Freeman,1155.63
SAL100115,Henry Mccall,Tablet,8,696.24,2025-02-03,North,Retail,Frank Washington,597.26
SAL100116,Richard Marshall,Printer,3,945.31,2024-11-20,East,Reseller,Tanya Walters,810.93
SAL100117,Andrew Cisneros,Phone,1,405.41,2024-12-09,North,Retail,Kenneth Ramirez,347.78
SAL100118,Michelle Perez,Camera,5,999.68,2024-11-30,East,Retail,Shelly Cummings,857.57
SAL100119,Christina Peck,Printer,3,1040.2,2024-06-22,North,Retail,Pamela Smith,892.33
SAL100120,Zachary Garcia,Camera,5,1537.54,2025-04-04,East,Reseller,Melissa Bates,1318.97
SAL100121,Brianna Blevins,Tablet,5,996.42,2025-05-23,South,Reseller,Jennifer Sparks,854.77
SAL100122,Andrew Brown,Laptop,4,1460.42,2024-11-19,East,Retail,Mitchell Murphy,1252.81
SAL100123,Bryan Benton,Phone,2,1614.58,2025-05-23,North,Retail,Charles Mcdonald,1385.05
SAL100124,David Williams,Printer,7,1612.86,2024-07-22,East,Reseller,Mark Carr,1383.58
SAL100125,Alice Buckley,Monitor,9,1353.13,2025-05-28,South,Reseller,Sandra Stephens,1160.77
SAL100126,Alicia Harper,Mouse,4,1122.69,2024-12-30,West,Online,Stephanie Smith,963.09
SAL100127,Francis Cunningham,Laptop,6,152.91,2024-09-13,South,Online,Gina King,131.17
SAL100128,Amy Brown,Phone,1,946.98,2025-01-25,East,Online,Brittany Stevenson,812.36
SAL100129,Shaun Williams,Phone,8,1939.07,2024-11-29,Central,Retail,Julie Christensen,1663.41
SAL100130,Mrs. Cassandra Johnson,Camera,6,735.52,2024-09-13,South,Reseller,Kendra Barrett,630.96
SAL100131,William Juarez,Phone,8,1427.71,2024-10-25,West,Online,Gloria George,1224.75
SAL100132,Kyle Roberts,Keyboard,8,1112.41,2024-10-05,East,Online,Joseph Hamilton,954.27
SAL100133,Justin Adams,Printer,3,1860.33,2025-02-22,Central,Retail,Kelly Ford,1595.87
SAL100134,Julia Romero,Monitor,8,549.96,2024-12-31,South,Retail,Kimberly Brown,471.78
SAL100135,Jamie Huff,Keyboard,3,221.2,2024-08-08,West,Online,Danielle Bennett,189.75
SAL100136,Emily Hansen,Camera,2,1549.72,2024-07-09,East,Retail,Melissa Ray,1329.41
SAL100137,Linda Spencer,Monitor,7,1265.99,2024-11-21,West,Online,Donna Ross,1086.02
SAL100138,Taylor Strong,Printer,4,739.83,2025-01-11,South,Online,Kyle Anderson,634.66
SAL100139,Autumn Cannon,Phone,5,1543.14,2024-11-22,West,Retail,Mitchell Guzman,1323.77
SAL100140,Steven Holland,Keyboard,8,1586.09,2024-08-11,South,Reseller,Felicia Bishop,1360.61
SAL100141,Tina Lowe,Monitor,5,941.83,2024-12-08,East,Online,Cynthia Wood,807.94
SAL100142,Sara Santos,Printer,2,1126.52,2025-06-11,West,Online,Catherine Miller,966.38
SAL100143,Suzanne Miller,Monitor,6,1030.16,2024-08-05,West,Retail,Andrew Gonzalez,883.71
SAL100144,Amy Howell,Mouse,8,750.48,2025-01-26,North,Online,Candice Harvey,643.79
SAL100145,Philip Mayer,Laptop,4,1135.49,2025-03-01,East,Reseller,Andrew Rivera,974.07
SAL100146,Joshua Williams,Laptop,4,125.97,2025-05-29,Central,Online,Jeremy Henderson,108.06
SAL100147,Melissa Lara,Camera,8,961.15,2025-04-17,East,Retail,Debra Compton,824.51
SAL100148,Ryan Russell,Tablet,3,1712.12,2025-04-24,Central,Online,George Montgomery,1468.73
SAL100149,Mason Smith,Printer,3,1867.69,2025-01-12,South,Online,Diana Higgins,1602.18
SAL100150,Steven Fuentes,Mouse,5,1672.72,2024-12-25,South,Retail,David Burton,1434.93
SAL100151,Emily Haney,Printer,5,656.43,2024-08-26,West,Reseller,Kimberly Burns,563.11
SAL100152,Jessica Martinez,Keyboard,1,1849.72,2024-09-19,North,Retail,Madeline Mendoza,1586.77
SAL100153,Donald Ruiz,Monitor,5,766.38,2025-01-06,North,Retail,Judith Jones,657.43
SAL100154,Mrs. Theresa Oliver,Laptop,2,1766.31,2024-10-13,East,Reseller,Scott Hodges,1515.21
SAL100155,Ricky Gutierrez MD,Camera,5,388.29,2024-08-27,East,Retail,Jennifer Hatfield,333.09
SAL100156,Ian Johnson,Tablet,5,1104.28,2024-09-26,Central,Online,Michael Cameron,947.3
SAL100157,Jason Knight,Laptop,2,1122.74,2025-01-12,West,Retail,Carolyn Johnson,963.13
SAL100158,Nicholas Bennett,Monitor,3,909.17,2025-05-15,East,Reseller,Kimberly Anthony,779.92
SAL100159,Billy Dean,Camera,1,1611.46,2024-09-10,Central,Online,Linda Davis,1382.38
SAL100160,Nicole Lopez,Printer,9,803.4,2024-07-08,Central,Reseller,Andrea Lester,689.19
SAL100161,Christopher Gillespie,Laptop,6,1044.88,2024-10-06,North,Reseller,Terri Contreras DVM,896.34
SAL100162,Mrs. Melissa Moyer,Camera,7,1855.87,2024-11-23,East,Retail,Erin Hurley,1592.04
SAL100163,Christopher Wyatt,Mouse,5,1669.7,2025-03-05,East,Online,Robert Mcintosh,1432.34
SAL100164,David Aguilar,Mouse,1,1216.28,2025-06-10,East,Retail,Mark Jimenez,1043.38
SAL100165,Jeffrey Alvarado,Keyboard,1,1602.45,2025-01-14,North,Retail,Casey Farrell,1374.65
SAL100166,Janet Bonilla,Phone,4,1842.2,2024-07-11,North,Retail,Scott Williams,1580.32
SAL100167,Christopher Kent,Monitor,4,140.23,2024-12-02,Central,Online,Jasmin Jimenez,120.3
SAL100168,Mark Mays,Tablet,1,835.9,2024-08-02,South,Reseller,Jessica Pratt,717.07
SAL100169,Brittany Vega,Camera,1,126.66,2025-03-26,North,Online,Gabriel Francis,108.65
SAL100170,Joseph Davis,Monitor,6,1903.01,2025-03-26,Central,Reseller,John Mayer,1632.48
SAL100171,Tyler Beck,Tablet,8,134.44,2025-04-25,Central,Retail,Melissa Lopez MD,115.33
SAL100172,Michael Lee DDS,Laptop,9,1279.34,2024-11-29,North,Reseller,Frank Marshall,1097.47
SAL100173,Paul Price,Tablet,3,1434.12,2025-03-26,East,Retail,Whitney Walsh,1230.25
SAL100174,Robert Turner,Phone,2,848.12,2024-11-24,West,Online,Kimberly Horne,727.55
SAL100175,Ray Nelson,Monitor,9,1139.58,2025-05-12,West,Reseller,George Owens,977.58
SAL100176,Gregory Hodges,Mouse,5,703.0,2025-06-13,North,Reseller,Cindy Norton,603.06
SAL100177,James Mcmahon,Phone,3,1105.63,2024-12-04,West,Retail,Kevin Torres,948.46
SAL100178,Rachel Mendez,Printer,7,1950.97,2024-08-04,West,Retail,Brandon Roy,1673.62
SAL100179,Taylor Alexander,Phone,3,490.61,2025-03-07,South,Online,Mackenzie Perkins,420.87
SAL100180,Marc Melendez,Camera,3,871.54,2025-05-09,East,Online,Hannah Jones,747.64
SAL100181,Corey Moody,Camera,1,1927.72,2024-09-15,West,Online,Kristen Bush,1653.68
SAL100182,Rebecca Smith,Monitor,9,1587.79,2025-03-11,East,Reseller,Dennis Clark,1362.07
SAL100183,Mrs. Elizabeth Guerra,Laptop,4,484.82,2025-02-03,South,Reseller,Lynn Gray,415.9
SAL100184,Anthony Delacruz,Tablet,2,1676.11,2025-02-09,North,Online,Judith Welch,1437.84
SAL100185,Jaime Jordan,Printer,5,1434.86,2025-02-06,Central,Retail,Nicholas Rios,1230.88
SAL100186,Mark Brown,Printer,9,778.62,2024-06-21,South,Online,Jordan Daniels,667.93
SAL100187,Thomas Johnson,Camera,6,1977.0,2024-07-09,West,Retail,Jamie Moore,1695.95
SAL100188,Cheryl Byrd,Monitor,3,268.78,2024-10-15,Central,Reseller,Daniel Moore,230.57
SAL100189,Cassandra Santana,Camera,1,1444.52,2025-04-29,South,Online,Jennifer Miller,1239.17
SAL100190,William Hill,Keyboard,6,1661.45,2024-10-23,West,Reseller,Christopher Velasquez,1425.26
SAL100191,David Thomas,Keyboard,2,1215.02,2024-11-02,Central,Reseller,Zachary Poole,1042.29
SAL100192,Madeline Reyes,Printer,6,999.63,2024-11-21,South,Retail,Susan Vargas,857.52
SAL100193,Joel Cox,Keyboard,7,1385.58,2025-03-30,East,Retail,Heather Jones,1188.61
SAL100194,Joshua Ramirez,Phone,2,1887.33,2024-11-19,East,Retail,Sarah Tate,1619.03
SAL100195,Ashley Abbott,Monitor,6,1612.78,2024-12-10,West,Reseller,Johnny Harris,1383.51
SAL100196,Kimberly Smith,Camera,6,130.57,2024-11-09,North,Reseller,Jessica Juarez,112.01
SAL100197,Scott Perez,Mouse,4,1442.5,2025-04-24,North,Retail,Brett Flynn,1237.44
SAL100198,Tanya Miles,Laptop,9,1716.96,2025-01-11,North,Online,Kimberly Gonzales,1472.88
SAL100199,Angela Herrera,Camera,9,784.84,2024-07-11,West,Online,Tyler Leblanc,673.27
SAL100200,Rachel Martin,Laptop,6,1086.0,2024-11-02,North,Retail,Alyssa Holden,931.62
SAL100201,Patrick Cowan,Tablet,2,1609.11,2025-03-24,South,Retail,Henry Castro,1380.36
SAL100202,Robert Herring,Camera,9,1868.31,2025-06-09,North,Retail,Lindsey Eaton,1602.71
SAL100203,Adam Jordan,Keyboard,1,1607.86,2024-09-30,Central,Retail,Jamie Cisneros,1379.29
SAL100204,Lindsay May,Printer,2,826.66,2025-03-04,South,Online,Christian Wilson,709.14
SAL100205,Robert Cummings,Keyboard,8,1788.61,2025-02-23,North,Online,Thomas Mcconnell,1534.34
SAL100206,Joshua Zimmerman,Phone,3,903.12,2025-04-11,North,Retail,Daniel Casey,774.73
SAL100207,Jack Jones,Printer,4,1122.65,2025-01-12,East,Retail,John Rowe,963.06
SAL100208,Rebecca Reyes,Phone,1,882.13,2024-08-21,North,Retail,Laura Arroyo,756.73
SAL100209,Jose Bush,Mouse,5,1751.73,2025-03-21,Central,Retail,Darrell Miller,1502.71
SAL100210,Mackenzie Evans,Phone,2,238.4,2025-04-06,North,Reseller,Timothy Graves,204.51
SAL100211,Kurt Campbell,Printer,7,265.29,2024-10-27,West,Reseller,Nancy Perez,227.58
SAL100212,Mr. David Hartman MD,Laptop,4,1943.98,2025-05-26,South,Online,Edward Barrera,1667.63
SAL100213,Joel Hill,Mouse,1,1612.1,2024-07-06,Central,Retail,Sandra Cooper,1382.93
SAL100214,Jessica Smith,Camera,8,1797.21,2025-01-13,East,Retail,Joyce Duran,1541.72
SAL100215,Christina Bradley,Keyboard,7,1924.13,2025-01-30,South,Reseller,Victoria Boyle,1650.6
SAL100216,Dr. Cynthia Patrick,Keyboard,3,179.21,2024-07-11,West,Reseller,Jason Reyes,153.73
SAL100217,Darius Martinez,Phone,5,720.64,2024-12-24,South,Retail,Stephen Romero,618.19
SAL100218,Jason Moore,Keyboard,3,253.63,2024-06-22,Central,Retail,Matthew Green,217.57
SAL100219,Kathy Padilla,Keyboard,6,1882.87,2024-08-08,West,Online,Natasha Brown,1615.2
SAL100220,Laura Bailey,Monitor,2,522.13,2025-06-11,East,Reseller,Amy Wilson,447.9
SAL100221,Blake Luna,Camera,1,314.39,2024-10-29,Central,Retail,Deanna Adams,269.7
SAL100222,Jessica Bonilla,Phone,1,1648.93,2024-09-04,West,Retail,Gina Flores,1414.52
SAL100223,Stephanie Webster,Phone,6,1516.15,2024-08-16,South,Retail,Sarah Holmes,1300.62
SAL100224,Christopher Poole,Camera,9,1284.1,2025-01-01,South,Reseller,Nancy Ballard,1101.55
SAL100225,Emily Welch,Camera,5,676.26,2024-09-27,West,Reseller,Clinton Thompson,580.12
SAL100226,John Dorsey,Tablet,4,151.36,2024-08-30,East,Reseller,Mary Davis,129.84
SAL100227,Elizabeth Hall,Monitor,6,617.98,2024-11-30,West,Reseller,Kelly Harper,530.13
SAL100228,Brooke Coleman,Tablet,5,322.14,2024-06-30,South,Online,Christine Adkins,276.35
SAL100229,David Little,Printer,7,1855.31,2024-06-16,Central,Retail,Janet Rowland,1591.56
SAL100230,Karen Trujillo,Phone,2,1652.53,2025-05-14,West,Online,Yvonne Lopez,1417.61
SAL100231,Emma Schneider,Monitor,4,790.96,2025-02-20,Central,Reseller,Samantha Porter,678.52
SAL100232,Emily Moreno,Printer,6,1394.38,2024-08-06,East,Reseller,Adrian Dennis,1196.16
SAL100233,Javier Barry,Keyboard,2,1666.4,2025-03-05,South,Retail,John Farrell,1429.51
SAL100234,Randall Jimenez,Tablet,5,741.51,2024-11-22,East,Retail,Donald Sanders,636.1
SAL100235,Pamela Horton,Phone,3,1712.91,2024-11-29,West,Online,Amanda King,1469.41
SAL100236,Sean Jones,Monitor,2,100.62,2024-06-18,Central,Online,Courtney Jackson,86.32
SAL100237,Sean Pena,Tablet,9,1471.49,2025-04-07,West,Reseller,Michael Archer,1262.3
SAL100238,Craig Ferguson,Monitor,4,1585.13,2024-07-25,West,Online,Kendra Jones,1359.79
SAL100239,Justin Edwards,Monitor,6,632.89,2025-03-29,Central,Retail,Elizabeth Pacheco,542.92
SAL100240,Phillip Lara,Mouse,4,1042.42,2025-02-19,West,Reseller,Dana Jones,894.23
SAL100241,Mark Fowler,Keyboard,5,414.67,2025-02-22,East,Online,Marie Lowe,355.72
SAL100242,Micheal Mann,Tablet,4,1420.94,2024-10-08,Central,Reseller,David Ortiz,1218.94
SAL100243,Raymond Peterson,Monitor,3,1569.58,2024-10-22,North,Reseller,Kevin Conner,1346.45
SAL100244,Paul Sutton,Printer,6,1382.28,2025-01-27,East,Retail,Jessica Robinson,1185.78
SAL100245,Paul Howard,Mouse,6,1087.3,2024-07-20,East,Retail,Deborah Torres,932.73
SAL100246,Michael Davis,Keyboard,3,1946.19,2025-05-29,East,Online,Meagan Perry,1669.52
SAL100247,Brian Cruz,Mouse,7,578.01,2024-09-11,North,Retail,Rebecca Crane,495.84
SAL100248,Susan Richards,Laptop,1,1725.82,2025-02-25,South,Reseller,Stacey Robinson,1480.48
SAL100249,Todd Schmidt,Keyboard,1,1522.52,2025-04-30,East,Reseller,Aaron Owens,1306.08
SAL100250,Yvette Brown,Monitor,3,363.94,2025-01-28,Central,Reseller,Nathaniel Small PhD,312.2
SAL100251,Tim Carson,Printer,7,936.29,2025-05-22,North,Online,Stephanie Carter,803.19
SAL100252,Michael Schmidt,Camera,2,1877.79,2024-08-13,North,Online,Doris Esparza,1610.85
SAL100253,Eric Winters,Camera,3,1369.47,2024-10-24,West,Online,Brianna Roth,1174.79
SAL100254,Jody White,Camera,5,981.53,2024-09-26,East,Reseller,Meredith Morales,842.0
SAL100255,Pamela Moore,Keyboard,5,1167.93,2024-10-28,North,Online,David Townsend,1001.9
SAL100256,Benjamin Weaver,Laptop,3,1908.44,2024-06-14,South,Online,David Lloyd,1637.14
SAL100257,David Kim,Printer,2,353.77,2025-02-23,West,Reseller,Joshua Oconnor,303.48
SAL100258,Jill Smith,Keyboard,5,1734.18,2025-03-18,North,Retail,David Diaz,1487.65
SAL100259,Charles Hays,Mouse,1,1421.93,2024-08-01,South,Reseller,Olivia Fox,1219.79
SAL100260,Elizabeth Mendoza,Phone,5,1451.82,2025-02-04,West,Reseller,Deborah Wright,1245.43
SAL100261,Aaron Perez,Printer,7,1717.71,2024-07-18,South,Retail,Alexandra Lambert,1473.52
SAL100262,Angela Snyder,Mouse,8,288.51,2024-07-13,East,Online,Shirley Riggs,247.5
SAL100263,Tammy Hall,Phone,3,443.68,2025-05-14,South,Retail,Nathan West,380.61
SAL100264,Amanda Wood,Mouse,4,662.44,2024-12-10,East,Retail,Gary Wood,568.27
SAL100265,Janice Sellers,Mouse,7,1424.98,2025-03-23,South,Online,Michael Davis,1222.41
SAL100266,Patricia Morgan,Laptop,2,1128.79,2024-12-05,South,Reseller,Thomas Jacobs,968.32
SAL100267,Jimmy Miller,Laptop,7,672.81,2025-05-26,West,Reseller,Darren Cox,577.16
SAL100268,Barbara Hall,Printer,8,1754.92,2024-12-05,Central,Retail,Christina Mendoza,1505.44
SAL100269,David Rowland,Laptop,3,620.51,2024-06-22,Central,Online,Cheryl Andrews,532.3
SAL100270,Jordan Baker,Keyboard,6,1704.68,2024-07-25,North,Reseller,Alison Davis,1462.35
SAL100271,Krista Wilson,Keyboard,1,661.49,2024-06-15,Central,Retail,Adam Cooper,567.45
SAL100272,David Nelson DDS,Keyboard,7,949.83,2025-03-14,East,Reseller,James Diaz,814.8
SAL100273,Sharon Moran,Printer,8,1885.67,2024-12-25,Central,Retail,Sarah Perry,1617.61
SAL100274,Steven Davis,Printer,8,1531.52,2024-07-05,North,Retail,Joshua Sullivan,1313.8
SAL100275,Dr. Darlene Hammond PhD,Mouse,5,986.09,2024-09-12,East,Online,Michelle Lynch,845.91
SAL100276,Samantha Rodriguez,Keyboard,1,611.11,2025-03-07,North,Retail,Lisa Smith,524.24
SAL100277,Matthew Morales,Monitor,7,596.24,2025-01-30,West,Reseller,Mary Warner,511.48
SAL100278,Rebecca Rios,Printer,4,1518.56,2024-11-18,East,Online,Kimberly Atkins,1302.68
SAL100279,Adam Martinez,Camera,9,428.16,2024-07-29,South,Reseller,Brian Harrison,367.29
SAL100280,Kristine White,Phone,1,1221.07,2025-04-19,Central,Retail,Vincent Newman,1047.48
SAL100281,Jessica Price,Mouse,6,1179.23,2025-01-28,West,Reseller,Emma Singh,1011.59
SAL100282,Gregory Hicks,Mouse,7,1263.54,2024-09-13,East,Reseller,Adam Vasquez,1083.92
SAL100283,Heather Anderson,Camera,3,973.21,2025-01-31,West,Online,Sean Daniel,834.86
SAL100284,Matthew Holland MD,Phone,3,1942.44,2025-06-02,East,Retail,Andrew Houston,1666.31
SAL100285,Kathryn Watts,Monitor,1,338.95,2025-05-16,South,Retail,Latoya Dunn,290.77
SAL100286,Jay Sanchez,Mouse,6,325.55,2025-04-09,South,Retail,Dakota Harrison,279.27
SAL100287,Breanna Roberts,Tablet,3,1088.4,2025-05-21,Central,Online,Michael Clark,933.67
SAL100288,Mrs. Virginia Lawson,Printer,8,1956.73,2025-05-03,West,Online,Dustin Hill,1678.56
SAL100289,Danielle Taylor,Printer,4,766.17,2024-08-16,North,Reseller,Michael Fletcher,657.25
SAL100290,Angela Espinoza,Mouse,9,1849.44,2025-04-23,East,Online,Destiny Garcia,1586.53
SAL100291,Carolyn Trujillo,Tablet,9,193.72,2024-10-24,West,Retail,Darrell Robertson,166.18
SAL100292,Destiny Cervantes,Tablet,4,161.19,2025-05-04,East,Retail,Juan Clements,138.28
SAL100293,Victor Coleman,Phone,5,1507.7,2024-11-11,East,Retail,Kelly Parker,1293.37
SAL100294,Joseph Vega,Keyboard,7,1609.55,2025-03-07,East,Retail,Jared Gillespie,1380.74
SAL100295,David Conner,Printer,4,1929.21,2024-11-10,South,Retail,Lisa Cooper,1654.96
SAL100296,Catherine Massey,Phone,3,1275.28,2024-08-19,West,Retail,Joseph Carney,1093.99
SAL100297,Noah Daugherty,Monitor,7,1568.34,2024-12-26,South,Reseller,Lauren Nichols,1345.39
SAL100298,Brian Huffman,Mouse,4,739.28,2025-06-07,North,Retail,Jennifer Odonnell,634.18
SAL100299,Nathan Marshall,Camera,3,1435.61,2024-08-12,North,Reseller,Ashley Bradley,1231.53
SAL100300,Alicia Smith,Printer,2,232.12,2024-12-14,Central,Retail,Gwendolyn Rogers,199.12
SAL100301,Crystal Johnson,Laptop,9,507.07,2025-02-21,North,Retail,Theresa Sparks,434.99
SAL100302,Elizabeth Young,Tablet,1,1634.6,2024-10-01,South,Reseller,Allison Hale,1402.23
SAL100303,Paul Sims,Laptop,8,1965.12,2024-07-16,East,Reseller,Sonya Marsh,1685.76
SAL100304,Hector Camacho,Laptop,4,755.21,2025-03-01,South,Retail,Tiffany Hurley,647.85
SAL100305,Sean Cox,Mouse,5,1697.41,2025-05-22,South,Reseller,Dana Li,1456.11
SAL100306,Robert Green,Laptop,6,231.47,2024-12-30,South,Online,Sean Reyes,198.56
SAL100307,Jerry Mahoney,Camera,8,102.72,2025-03-11,South,Retail,John Martinez,88.12
SAL100308,Jacqueline Rollins,Keyboard,8,1942.37,2025-03-25,East,Reseller,Zachary Harrington,1666.25
SAL100309,Traci Jones,Laptop,1,452.06,2024-12-16,North,Retail,Kristen Todd,387.8
SAL100310,Julia Marshall,Monitor,8,567.45,2025-02-06,South,Reseller,Anthony Carr,486.78
SAL100311,Joseph Thomas,Monitor,9,213.69,2024-12-04,Central,Retail,Angela Brown,183.31
SAL100312,Joshua Weaver,Camera,4,1586.88,2025-04-01,South,Reseller,Christopher Moody,1361.29
SAL100313,Erin Blackwell,Camera,6,308.05,2024-08-06,North,Retail,David Sherman,264.26
SAL100314,Amy West,Mouse,7,247.64,2024-10-28,East,Reseller,Monique Moore,212.44
SAL100315,James Evans,Monitor,8,1450.94,2024-10-01,North,Retail,Miguel Castaneda,1244.68
SAL100316,Mary Hahn,Mouse,7,238.22,2025-05-03,East,Reseller,Sara Gordon,204.35
SAL100317,James Thomas,Tablet,9,336.62,2025-03-22,Central,Online,Tammie Young,288.77
SAL100318,Daniel King,Printer,7,408.49,2025-01-07,North,Retail,Shawn Pratt,350.42
SAL100319,Bryce Dunn,Camera,1,1907.59,2024-07-28,Central,Online,Michael Lowery,1636.41
SAL100320,Daniel Zhang,Phone,3,1432.35,2024-10-01,Central,Online,Gina Ferguson,1228.73
SAL100321,Mrs. Jill Singh DVM,Printer,9,1083.12,2024-12-16,Central,Online,Sharon Jackson,929.15
SAL100322,Matthew Mendoza,Camera,4,1191.31,2025-05-08,Central,Online,Charles Coleman,1021.96
SAL100323,Donald Weeks,Camera,8,1926.45,2024-06-19,South,Retail,Jonathan Branch,1652.59
SAL100324,Amanda Jones,Monitor,8,199.13,2024-08-13,Central,Retail,Jacqueline Thompson,170.82
SAL100325,Diane Newman,Keyboard,2,1670.99,2024-10-19,Central,Retail,John Mcdonald,1433.44
SAL100326,Paul Hogan,Keyboard,7,1098.65,2024-10-27,South,Reseller,Kevin Jackson,942.47
SAL100327,Sarah Vazquez,Mouse,9,755.33,2025-04-12,East,Online,Jacqueline Jones,647.95
SAL100328,Richard Chavez,Camera,3,1372.43,2025-05-28,West,Online,Sandra White,1177.33
SAL100329,Bethany Fry,Tablet,7,1291.5,2024-11-11,Central,Online,Robert Jackson,1107.9
SAL100330,Elizabeth Smith,Mouse,3,1861.06,2025-06-03,West,Online,Paige Hall,1596.49
SAL100331,Hannah Wright,Tablet,9,552.43,2025-03-19,South,Online,Mark Meyers,473.9
SAL100332,Candice Owen,Camera,5,621.04,2025-06-08,West,Online,Adam Moody,532.75
SAL100333,Antonio Cain,Printer,8,1107.74,2024-06-30,East,Online,Susan Carter,950.27
SAL100334,Steven Price,Printer,8,492.33,2024-08-09,West,Retail,Alexis Hicks,422.34
SAL100335,Margaret Anderson,Tablet,1,1771.75,2025-06-10,West,Reseller,James Taylor,1519.88
SAL100336,Tina May,Keyboard,4,1098.05,2025-04-19,South,Online,Dr. Rodney Gould MD,941.95
SAL100337,Lori Thompson,Camera,9,1783.57,2025-03-06,South,Online,Kristen Armstrong MD,1530.02
SAL100338,Jennifer Hurley,Keyboard,7,1671.7,2025-03-12,Central,Retail,Aaron Bailey,1434.05
SAL100339,Elizabeth George,Laptop,9,220.66,2024-07-26,East,Reseller,Craig Jones,189.29
SAL100340,William Kim,Printer,7,1543.3,2024-11-23,Central,Retail,Cole Stokes,1323.91
SAL100341,Emily Thompson,Camera,6,1366.27,2025-03-12,West,Online,Angel Chase,1172.04
SAL100342,Scott May,Tablet,3,1421.31,2024-11-26,Central,Retail,William Mitchell,1219.26
SAL100343,Christina Fisher,Camera,2,886.89,2024-10-20,South,Online,Antonio Floyd,760.81
SAL100344,Jennifer Thompson,Printer,1,1216.09,2024-07-24,North,Retail,James Moore,1043.21
SAL100345,Debbie Miller,Printer,9,1825.6,2025-02-13,North,Retail,Thomas Brooks,1566.08
SAL100346,Tamara Aguilar,Camera,5,1954.1,2025-05-04,North,Retail,Keith Gonzales,1676.31
SAL100347,Olivia Ward,Laptop,6,1974.08,2024-12-13,North,Reseller,Danielle Perry,1693.45
SAL100348,Ashley Alvarado,Mouse,1,1692.94,2025-03-30,East,Online,Cynthia Hill,1452.27
SAL100349,Nicolas Taylor,Monitor,2,1989.31,2025-02-26,South,Reseller,Michael Booker,1706.51
SAL100350,Gerald Kline,Mouse,5,1508.42,2025-04-22,West,Online,Daniel Phelps,1293.99
SAL100351,Ronald Morris,Keyboard,1,771.25,2025-03-13,West,Online,Brittany Evans,661.61
SAL100352,Anthony Brown,Keyboard,6,1939.5,2025-01-15,South,Retail,Danielle Jordan,1663.78
SAL100353,Victoria Mullins,Phone,6,237.35,2024-06-13,South,Retail,Andrew Rasmussen,203.61
SAL100354,Robert Aguilar,Printer,2,1906.74,2025-02-25,North,Retail,Laurie Lynch,1635.68
SAL100355,Jason Green,Tablet,4,136.14,2024-08-08,South,Online,Kara Murray,116.79
SAL100356,James Clark,Mouse,9,1980.25,2025-03-05,Central,Online,Brandon Chapman,1698.74
SAL100357,Autumn Patel,Monitor,3,1491.82,2025-03-07,South,Retail,Kelsey Walker,1279.74
SAL100358,Pamela Prince,Keyboard,3,424.7,2025-01-20,South,Online,David Wallace,364.33
SAL100359,Felicia Knight,Mouse,7,1046.45,2025-05-04,South,Retail,Timothy Matthews,897.69
SAL100360,Cheyenne Nelson,Mouse,2,1317.38,2024-08-24,East,Online,William Vasquez,1130.1
SAL100361,Tracy Harris,Camera,7,992.59,2025-02-02,West,Retail,Ashley James,851.48
SAL100362,Jonathan Young,Printer,3,442.43,2024-08-23,Central,Online,Joshua Briggs,379.53
SAL100363,David Farmer,Tablet,7,1389.33,2025-04-23,South,Reseller,Anna Torres,1191.82
SAL100364,Timothy Fisher,Monitor,8,1693.21,2025-03-15,Central,Reseller,Jeremy Brown,1452.51
SAL100365,Teresa Hunt,Camera,8,738.62,2025-06-06,East,Online,Amanda Lewis,633.62
SAL100366,Kathryn Johnson,Printer,6,682.37,2024-10-11,East,Retail,Peter Hernandez,585.37
SAL100367,Andrea Hudson,Tablet,2,1105.65,2025-03-24,North,Retail,Maria Park,948.47
SAL100368,Alexis Serrano,Tablet,6,452.26,2025-04-21,West,Retail,Sarah Whitaker,387.97
SAL100369,Peter Rivera,Tablet,5,688.51,2025-01-13,North,Online,Brooke Stewart,590.63
SAL100370,Cody Montoya,Mouse,6,667.28,2025-06-01,North,Reseller,Cheryl Bell,572.42
SAL100371,Ian Bentley,Camera,1,1733.33,2024-10-21,Central,Reseller,Tanya Lee,1486.92
SAL100372,Kevin Morrison,Printer,2,1598.85,2025-01-16,Central,Retail,Cindy Lewis,1371.56
SAL100373,Christian Mills,Keyboard,5,777.63,2024-06-15,West,Reseller,Gina Andrews,667.08
SAL100374,Megan Armstrong,Phone,2,663.82,2024-06-22,West,Online,Cody Jones,569.45
SAL100375,Melanie Davila,Camera,4,1758.84,2025-03-01,East,Online,Emily Love,1508.81
SAL100376,Kendra Mckinney,Keyboard,2,1967.19,2025-03-02,Central,Retail,Brandon Kerr,1687.54
SAL100377,Karen Davis,Camera,2,984.89,2025-03-07,West,Online,Mr. Timothy Mcgee,844.88
SAL100378,Andrea Lynch,Monitor,7,628.81,2025-06-03,South,Retail,Deborah Parsons,539.42
SAL100379,David Butler MD,Monitor,1,1328.28,2024-07-08,South,Online,Kristy Doyle,1139.45
SAL100380,Jason Anderson,Camera,8,1129.28,2025-03-06,South,Reseller,Theresa Ellis,968.74
SAL100381,Kathy Wilson,Mouse,8,372.56,2025-03-22,South,Reseller,Donna Powers,319.6
SAL100382,Kristine Smith,Keyboard,4,919.63,2024-06-27,East,Retail,Grant Blake,788.9
SAL100383,Amy Gibson,Keyboard,4,1555.24,2025-04-06,East,Online,Matthew Oliver,1334.15
SAL100384,Matthew King,Mouse,1,722.17,2024-10-27,West,Retail,Joshua Robinson,619.51
SAL100385,Lori Warren MD,Camera,2,479.51,2024-12-02,West,Retail,Sean Moore,411.34
SAL100386,Monica Schneider,Mouse,8,535.14,2025-01-09,Central,Reseller,Laura Burns,459.07
SAL100387,Christopher Sullivan,Printer,8,677.74,2024-12-18,East,Reseller,Joshua Mcgee,581.39
SAL100388,Stephanie Diaz,Phone,6,575.94,2025-03-12,North,Online,William Burton,494.07
SAL100389,Steven Thomas,Tablet,5,764.22,2025-02-15,North,Online,Dr. Laura Thomas,655.58
SAL100390,Cynthia Walker,Laptop,3,1203.95,2024-08-27,West,Retail,Trevor Lara,1032.8
SAL100391,Juan Walker,Laptop,9,539.4,2024-12-23,North,Retail,Melissa Garcia,462.72
SAL100392,Lauren Marshall,Keyboard,7,714.76,2024-06-13,North,Online,Terrence Diaz,613.15
SAL100393,Melissa Marks,Mouse,1,1503.89,2025-06-08,South,Reseller,Scott Mueller,1290.1
SAL100394,David Carroll,Tablet,5,1317.03,2025-04-22,South,Reseller,Keith Kemp,1129.8
SAL100395,Brian Griffin,Monitor,2,1383.93,2025-02-25,West,Reseller,Timothy Moore,1187.19
SAL100396,Diane Day,Camera,1,171.26,2025-01-08,Central,Reseller,Rebecca Sparks,146.91
SAL100397,Sandra Thompson,Camera,4,546.54,2024-08-28,West,Reseller,Angela Jones,468.84
SAL100398,Haley Fischer,Tablet,5,1156.89,2024-10-22,North,Retail,Alejandro Lewis,992.43
SAL100399,Whitney Schmitt,Laptop,9,1199.37,2024-11-27,West,Online,Clifford Martin,1028.87
SAL100400,Mary Marsh,Tablet,1,1165.18,2024-07-03,West,Reseller,Andrew Anthony,999.54
SAL100401,Adam Silva,Keyboard,1,621.59,2024-12-15,North,Reseller,Bobby Molina,533.23
SAL100402,Kevin Gutierrez,Keyboard,1,579.19,2024-12-18,Central,Online,Laura Salazar,496.85
SAL100403,Ralph Jones,Printer,4,785.65,2025-05-18,East,Online,Mrs. Jessica Gibson,673.96
SAL100404,John Adams,Phone,6,1669.91,2025-02-27,North,Retail,Richard Garcia,1432.52
SAL100405,Alexa Stanley,Laptop,8,1139.46,2025-03-12,Central,Retail,Angela Greene MD,977.48
SAL100406,Christopher Alexander,Phone,1,1437.26,2025-06-08,South,Online,Tiffany Allen,1232.94
SAL100407,Barbara Mendez,Printer,3,382.52,2025-05-13,North,Retail,Michael Solomon,328.14
SAL100408,Robert Lewis,Mouse,6,1763.57,2025-05-13,North,Online,Jennifer Stevenson,1512.86
SAL100409,Brandon Jackson,Camera,3,759.13,2024-10-07,North,Retail,Elizabeth Leon,651.21
SAL100410,Margaret Williams,Printer,8,1486.89,2025-01-29,East,Retail,Samuel Brown,1275.52
SAL100411,Cathy Pearson,Phone,1,236.01,2024-11-24,Central,Retail,Michael Hill,202.46
SAL100412,Dr. John Cuevas,Tablet,8,384.31,2024-10-01,South,Retail,Patrick Freeman,329.68
SAL100413,Anne Snyder,Camera,2,1700.36,2024-10-22,West,Retail,Thomas Suarez,1458.64
SAL100414,Kathleen Ramirez,Keyboard,2,1570.89,2025-01-27,South,Reseller,Ashley Jones,1347.57
SAL100415,Colin Smith,Keyboard,9,749.98,2025-01-17,South,Online,Jill Dickerson,643.36
SAL100416,Michelle Kelley,Phone,1,1221.74,2024-09-11,South,Online,Samantha Cooper,1048.06
SAL100417,Cody Thomas,Mouse,1,1011.0,2025-02-04,Central,Retail,Cynthia Smith,867.28
SAL100418,Mary Washington,Keyboard,1,1674.27,2024-08-28,North,Online,Cheryl Chapman,1436.26
SAL100419,David Morrow,Laptop,6,937.26,2024-07-03,West,Reseller,Danielle Carroll,804.02
SAL100420,Samuel Brandt,Phone,5,1708.03,2025-03-21,Central,Retail,James Hendrix,1465.22
SAL100421,Mr. Eduardo Robinson,Camera,2,1049.33,2024-11-10,Central,Retail,Robert Fields,900.16
SAL100422,Jacqueline Copeland,Phone,4,1045.68,2024-12-09,Central,Reseller,Mark Rogers,897.03
SAL100423,Gabriel Dalton,Tablet,5,297.01,2025-04-26,Central,Retail,Bob Hardin,254.79
SAL100424,Valerie Patrick,Phone,2,958.57,2025-03-12,West,Reseller,Mr. Mike Wilson,822.3
SAL100425,Michelle Parks,Printer,1,1545.97,2025-02-13,South,Reseller,Dawn Smith,1326.2
SAL100426,Donald White,Laptop,3,1322.64,2025-03-17,East,Online,Ralph Wilson,1134.62
SAL100427,Dr. Jamie Stone,Keyboard,9,711.66,2025-04-26,Central,Retail,Katherine Norton,610.49
SAL100428,Jared Flores,Laptop,4,910.3,2025-02-02,West,Online,Joseph Hicks,780.89
SAL100429,Crystal Ewing,Laptop,1,1883.71,2024-07-14,East,Online,Fernando Brown,1615.92
SAL100430,Erika Reed,Tablet,2,950.82,2025-03-17,West,Reseller,Destiny Richardson,815.65
SAL100431,Daniel Hall,Camera,3,694.12,2024-07-05,East,Retail,William Sloan,595.44
SAL100432,Randall Romero,Laptop,9,870.62,2024-09-30,West,Online,Gina Martinez,746.85
SAL100433,Trevor Choi,Printer,8,632.38,2025-05-19,South,Online,Ryan Higgins,542.48
SAL100434,Joshua Hendricks,Keyboard,2,871.34,2024-08-10,East,Reseller,Karen Brown,747.47
SAL100435,Angel Rogers,Printer,2,472.96,2024-08-25,West,Online,Mary Warner,405.72
SAL100436,Jane White,Printer,2,1089.66,2025-02-03,East,Online,Tracy Bradford,934.76
SAL100437,Monique Walker,Keyboard,3,1362.18,2024-09-13,Central,Online,Christopher Baker,1168.53
SAL100438,Teresa Joseph,Laptop,4,252.47,2025-05-25,Central,Reseller,Mary Taylor,216.58
SAL100439,Ashley Elliott,Tablet,2,1879.74,2024-12-03,West,Retail,Alexis Ford,1612.52
SAL100440,Elizabeth Coleman,Tablet,5,1495.05,2024-09-16,West,Reseller,Emily Torres,1282.52
SAL100441,Jasmine Rogers,Phone,9,425.44,2025-04-24,North,Online,Jose Blair,364.96
SAL100442,Mark Jones,Keyboard,5,189.49,2025-04-21,West,Retail,Linda Hughes,162.55
SAL100443,Brian Gould,Phone,5,405.1,2024-07-10,East,Retail,Jennifer Hendricks,347.51
SAL100444,Scott Anderson,Mouse,4,536.32,2024-08-20,Central,Reseller,Cynthia Green,460.08
SAL100445,Christopher Morris,Keyboard,3,1291.82,2025-02-12,West,Online,Justin Odom,1108.18
SAL100446,Mark Hernandez,Mouse,6,1711.05,2024-11-28,East,Retail,David Pearson,1467.81
SAL100447,Mrs. Crystal Sanders,Mouse,5,1071.19,2024-10-08,West,Retail,Tiffany Hardin,918.91
SAL100448,Jeffery Li,Monitor,5,1929.09,2024-12-23,North,Reseller,Edward Rivera,1654.85
SAL100449,Heather Vargas,Camera,9,1872.84,2024-12-24,Central,Online,Aaron Henry,1606.6
SAL100450,Leslie Martinez,Monitor,9,815.15,2025-06-06,North,Reseller,Heather Stephens,699.27
SAL100451,Misty Gomez,Laptop,5,1181.84,2025-04-27,East,Online,Tiffany Tran,1013.83
SAL100452,Corey Nguyen,Phone,6,1976.32,2025-01-11,West,Online,Adam Vance,1695.37
SAL100453,Jessica Wilson,Printer,5,695.17,2024-11-26,West,Online,Austin Ortiz,596.35
SAL100454,Cindy Miller,Phone,2,562.26,2024-10-23,Central,Retail,Jason Dunn,482.33
SAL100455,Erica Hodge,Printer,3,177.0,2024-07-10,Central,Reseller,James Miller,151.84
SAL100456,Suzanne Gutierrez,Monitor,1,345.44,2025-04-18,North,Online,Karen Klein,296.33
SAL100457,Alicia Bailey,Monitor,4,1414.15,2024-07-17,East,Retail,Thomas Perez,1213.12
SAL100458,Victoria Armstrong,Laptop,6,235.55,2024-12-12,North,Online,Rachel Mcdaniel,202.06
SAL100459,Michael Foster,Printer,5,307.01,2024-08-15,East,Retail,Janice Gill,263.37
SAL100460,Jean White,Laptop,1,477.05,2024-07-26,North,Retail,Christian Ramirez,409.23
SAL100461,Daniel Morales,Monitor,3,568.11,2024-12-01,South,Reseller,Patricia Moody,487.35
SAL100462,Sandra Davis,Printer,5,990.25,2025-04-05,South,Retail,Max Cobb,849.48
SAL100463,Tracy Ruiz,Phone,6,1752.92,2024-12-28,West,Reseller,Roger Hubbard,1503.73
SAL100464,Shannon Wilcox,Monitor,4,1836.86,2024-11-08,Central,Retail,Kristen Curtis,1575.73
SAL100465,Ryan Carson,Printer,5,1075.05,2024-12-26,Central,Retail,Lee Hernandez,922.22
SAL100466,Daniel Simmons,Laptop,4,1671.23,2024-07-06,North,Retail,Dawn Cameron,1433.65
SAL100467,Heidi Newton,Tablet,4,578.48,2024-09-23,West,Online,Stephanie Herrera,496.24
SAL100468,Mary Carey,Monitor,6,1946.25,2025-02-15,East,Online,Anna Higgins,1669.57
SAL100469,Courtney Valencia,Mouse,8,1103.92,2024-09-24,Central,Retail,Michael Moreno,946.99
SAL100470,Vickie Love,Laptop,7,147.55,2025-06-05,North,Retail,Jamie Salazar,126.57
SAL100471,Ashley Walker,Phone,9,630.25,2024-08-15,West,Reseller,Lee Martin,540.65
SAL100472,Donna Lewis,Camera,4,999.19,2024-07-10,West,Retail,Lucas Spencer,857.15
SAL100473,Theresa Weiss,Keyboard,9,1271.71,2024-12-14,Central,Retail,Stacy Bowen,1090.93
SAL100474,Brandon Adkins,Tablet,6,185.1,2024-07-23,South,Retail,Allison Mack DDS,158.79
SAL100475,Kevin Martinez,Printer,6,1647.11,2024-09-02,East,Online,Shelly Yates,1412.96
SAL100476,Barbara Dodson,Monitor,4,1978.72,2025-02-13,North,Reseller,Amber Holmes,1697.43
SAL100477,Lindsay Henderson,Tablet,5,885.78,2024-11-19,South,Retail,Benjamin Wilson,759.86
SAL100478,Matthew Morales,Printer,4,797.54,2025-05-08,East,Reseller,Ashley Ortiz,684.16
SAL100479,Stephanie Scott,Laptop,1,633.77,2024-07-31,South,Online,Cynthia Carter,543.67
SAL100480,Sarah Young,Phone,9,1714.49,2024-10-26,North,Online,Mary Walker,1470.76
SAL100481,Corey Guerrero,Printer,2,148.19,2024-10-23,East,Reseller,Matthew Wyatt,127.12
SAL100482,Kendra Wells,Printer,1,819.91,2025-03-21,North,Online,Jerry Clark,703.35
SAL100483,Danielle Clark,Phone,1,1182.25,2025-01-03,West,Retail,Karen Baker,1014.18
SAL100484,Felicia Harris,Mouse,4,1419.28,2025-04-27,North,Online,Cameron Stokes II,1217.52
SAL100485,Melissa Gray,Laptop,9,834.21,2024-08-13,East,Retail,Mr. William Perez,715.62
SAL100486,Christine Brown,Camera,1,515.33,2025-03-26,Central,Online,Charles Davis,442.07
SAL100487,Larry Arnold,Tablet,1,1421.19,2025-04-23,South,Online,Dawn Morales,1219.16
SAL100488,Jeffery Greer,Printer,5,1417.68,2025-02-16,West,Online,Justin Compton,1216.14
SAL100489,Eric Aguirre,Monitor,8,161.14,2025-02-20,East,Online,Pamela Esparza,138.23
SAL100490,Christina Williams,Keyboard,5,721.75,2024-11-28,North,Reseller,Morgan Ramos,619.15
SAL100491,Samantha Marshall,Mouse,9,1605.68,2024-11-07,South,Online,Mary Weber,1377.42
SAL100492,Randall Blanchard,Keyboard,9,902.01,2025-03-11,West,Retail,Nicholas Lewis,773.78
SAL100493,Joel Jackson,Keyboard,1,690.43,2025-01-01,Central,Online,Amy Wright MD,592.28
SAL100494,Crystal Franklin,Printer,1,983.32,2025-01-25,South,Reseller,William Thomas,843.53
SAL100495,Matthew Carroll,Tablet,4,864.33,2024-11-13,West,Retail,William Wilson,741.46
SAL100496,Jeremy Miller,Laptop,3,1550.84,2024-11-13,South,Online,Justin Stone,1330.37
SAL100497,Kristy Foster,Tablet,5,1232.61,2024-06-22,East,Reseller,Nicole Anderson DDS,1057.38
SAL100498,Jeremy Lopez,Keyboard,4,379.25,2025-05-19,North,Online,Justin Cunningham,325.34
SAL100499,Bethany Hernandez,Laptop,9,1787.49,2025-05-05,South,Online,Robert Liu,1533.38
SAL100500,Rachel Bennett,Keyboard,4,696.19,2025-03-09,South,Retail,Susan Monroe,597.22
SAL100501,Deanna Singleton,Printer,6,1361.97,2024-07-18,North,Retail,Katherine James,1168.35
SAL100502,Gary Reed,Camera,4,1570.67,2024-09-25,West,Retail,Laura Fowler,1347.39
SAL100503,Donna Sloan,Keyboard,4,852.51,2025-05-06,North,Retail,Kristopher Torres DVM,731.32
SAL100504,Annette Norton,Printer,9,366.11,2024-06-16,East,Reseller,Shannon Goodwin,314.06
SAL100505,Nathan Mathis,Tablet,5,1865.6,2025-02-17,East,Reseller,Brian Reyes,1600.39
SAL100506,Paul Frye,Monitor,4,142.51,2025-03-05,North,Retail,Cameron Reynolds,122.25
SAL100507,Christine House,Camera,5,1242.56,2025-05-13,Central,Reseller,Toni Scott,1065.92
SAL100508,Penny Harrison,Printer,8,441.18,2024-07-10,South,Reseller,Patrick Davis,378.46
SAL100509,Emily Gomez,Tablet,3,287.5,2025-01-19,North,Reseller,Nancy Potter DDS,246.63
SAL100510,Laurie Elliott,Phone,3,1751.68,2025-01-03,West,Retail,Rodney Hughes,1502.66
SAL100511,Amy Anderson,Laptop,6,435.36,2025-04-15,West,Retail,Alexis Lee,373.47
SAL100512,Patrick Church,Printer,3,1077.35,2024-11-16,South,Online,Paul Morris,924.2
SAL100513,Michael Watts,Mouse,6,304.16,2024-10-29,Central,Retail,Victor Warren,260.92
SAL100514,Zoe Newman,Mouse,4,1995.83,2024-10-25,East,Retail,Johnny Flores,1712.11
SAL100515,Kelsey Williams,Mouse,6,1348.27,2024-10-14,South,Online,Jessica Vaughn,1156.6
SAL100516,David Miller,Phone,7,672.94,2024-08-22,East,Reseller,Tara Powell,577.28
SAL100517,Juan Ortiz,Keyboard,9,1470.2,2024-10-01,West,Online,Kenneth Martin,1261.2
SAL100518,Ariel Flores,Keyboard,5,839.6,2024-12-02,Central,Online,Kenneth Chase,720.24
SAL100519,Cody Neal,Monitor,6,1818.36,2025-05-29,East,Reseller,Shelly Figueroa,1559.86
SAL100520,Eric Brown,Mouse,3,263.38,2024-10-30,Central,Reseller,Tamara Smith,225.94
SAL100521,Catherine Oconnor,Keyboard,7,1936.79,2024-08-17,South,Online,Jeffrey Brown,1661.46
SAL100522,Monica White,Laptop,9,414.21,2024-07-31,North,Retail,Nina Williamson,355.33
SAL100523,Carla Newman,Mouse,4,871.19,2024-06-23,West,Reseller,Karen Bryan,747.34
SAL100524,Heather Davis,Monitor,6,908.43,2025-02-01,South,Reseller,Angela Ramirez,779.29
SAL100525,Karen Burke,Monitor,8,204.77,2024-08-17,East,Retail,Jennifer Cochran,175.66
SAL100526,Ryan Gibson,Printer,8,1806.46,2025-01-19,North,Online,Alexis Morris,1549.66
SAL100527,Henry Davenport MD,Printer,7,125.6,2025-02-13,South,Reseller,Brandon Brown,107.74
SAL100528,Amanda Ballard,Monitor,4,1053.87,2025-05-19,North,Retail,Ashley Caldwell,904.05
SAL100529,Melissa Daniels,Tablet,8,1208.94,2025-04-25,East,Online,Thomas Thomas,1037.08
SAL100530,Jacob Morales,Mouse,1,1303.81,2024-12-08,North,Online,Robert Dixon,1118.46
SAL100531,John Klein,Laptop,6,1746.5,2024-10-26,East,Online,Christina Wagner,1498.22
SAL100532,Gloria Terry,Keyboard,8,226.74,2024-08-01,South,Online,Whitney Thomas,194.51
SAL100533,Christopher Moore,Monitor,9,169.55,2024-12-29,North,Reseller,Jerry Willis,145.45
SAL100534,John Smith,Tablet,6,583.53,2025-05-04,Central,Retail,Michael Duran,500.58
SAL100535,Michael Keith,Printer,6,1562.22,2025-02-01,South,Retail,Preston Mendoza,1340.14
SAL100536,Kathleen Bush,Phone,2,1850.29,2025-01-03,North,Retail,Jesse Prince,1587.26
SAL100537,Jessica Mckinney,Mouse,1,816.27,2025-03-19,South,Reseller,Christopher James,700.23
SAL100538,Todd Walker,Monitor,2,780.22,2024-10-29,East,Online,Kimberly Le,669.3
SAL100539,Kelly Quinn,Tablet,2,113.33,2024-08-19,North,Reseller,Abigail Valencia,97.22
SAL100540,Pamela Smith,Mouse,3,1824.13,2024-11-10,North,Retail,Jonathan Watkins,1564.81
SAL100541,William Liu,Tablet,3,431.33,2025-01-01,East,Retail,Ricky Carlson,370.01
SAL100542,Jeremy Johnson,Phone,2,962.16,2025-05-14,North,Retail,Haley Johnson,825.38
SAL100543,Lindsey White,Keyboard,7,1135.83,2025-04-27,South,Online,Lindsey Obrien,974.36
SAL100544,Kelly Blackburn,Phone,2,156.16,2024-11-02,South,Online,Daniel Davis,133.96
SAL100545,Bryan Robertson,Laptop,1,682.16,2024-07-29,Central,Retail,Tanner Allen,585.19
SAL100546,Maxwell Goodwin,Keyboard,9,310.38,2025-03-28,North,Online,Katherine Hill,266.26
SAL100547,Thomas Torres,Tablet,9,1990.76,2025-03-06,North,Reseller,Brandon King,1707.76
SAL100548,Jared Miller,Mouse,7,294.99,2025-01-06,Central,Reseller,Bethany Roberts,253.05
SAL100549,Dakota Chan DVM,Monitor,2,1018.19,2024-12-02,Central,Retail,Julie Blanchard,873.45
SAL100550,David Cameron,Mouse,1,1709.74,2025-02-09,North,Reseller,Elaine Lee,1466.69
SAL100551,Laurie Smith,Camera,3,1160.36,2024-09-10,Central,Reseller,Samantha Mason,995.4
SAL100552,Tracy Jones,Printer,4,463.89,2024-08-21,Central,Retail,Kevin Bates,397.94
SAL100553,Curtis Hardy,Monitor,7,1692.99,2024-10-14,South,Retail,Lori Reese,1452.32
SAL100554,Shannon Marshall,Mouse,7,717.1,2024-07-12,Central,Reseller,Kenneth Wright,615.16
SAL100555,Kelly Nguyen,Phone,7,735.32,2025-02-05,South,Online,Sarah Smith,630.79
SAL100556,Rebecca Mitchell,Printer,6,231.37,2024-12-16,West,Online,Susan Preston,198.48
SAL100557,Erica Bishop,Monitor,9,1862.86,2024-11-08,West,Reseller,Michael Cox,1598.04
SAL100558,Lindsay Robertson,Camera,1,1835.91,2024-11-18,East,Retail,Ashley Willis,1574.92
SAL100559,Priscilla King,Laptop,4,605.73,2025-05-23,Central,Retail,William Villanueva,519.62
SAL100560,Nicholas Johnson,Camera,8,284.43,2024-10-31,Central,Online,Jennifer Benson,244.0
SAL100561,Robert Schmitt,Printer,7,1821.01,2024-07-11,East,Reseller,Raymond Wood,1562.14
SAL100562,Ryan Herrera,Phone,2,1930.4,2024-09-15,Central,Retail,Samantha Turner,1655.98
SAL100563,Eric Richards,Mouse,6,182.72,2025-04-07,Central,Online,Isaiah Gill,156.74
SAL100564,Robert Johnson,Printer,7,219.88,2024-08-20,North,Retail,Mary Jordan,188.62
SAL100565,Carmen Williams,Phone,7,799.52,2024-06-17,East,Retail,Heidi Frank,685.86
SAL100566,Jeffrey Morales,Phone,9,1751.24,2024-12-23,North,Retail,Lisa Cook,1502.29
SAL100567,Shane Jackson,Mouse,8,761.27,2024-09-21,South,Reseller,Melissa Robles,653.05
SAL100568,Michael Miller,Laptop,6,864.87,2024-06-13,East,Reseller,Jessica Cole,741.92
SAL100569,Anna Burnett,Laptop,1,1195.51,2025-06-10,West,Retail,Darlene Copeland,1025.56
SAL100570,Katie Hancock,Phone,6,453.54,2025-04-11,East,Retail,Meghan Nguyen,389.07
SAL100571,Mary Chaney,Tablet,7,1641.21,2024-07-09,Central,Reseller,Jennifer Gonzalez,1407.9
SAL100572,Chad Wu,Camera,3,610.49,2024-10-17,South,Reseller,Nichole Nielsen,523.7
SAL100573,Eric Lester,Monitor,1,703.68,2025-05-22,West,Retail,Rachel Ferguson,603.65
SAL100574,Michaela King,Camera,4,1541.46,2024-08-11,East,Retail,Caitlin Parker,1322.33
SAL100575,Cynthia Sanchez,Camera,8,1957.35,2024-09-20,Central,Online,Katherine Serrano,1679.1
SAL100576,Emily Steele,Monitor,8,679.45,2025-01-02,South,Online,Samantha Brown,582.86
SAL100577,Katherine Rodriguez,Camera,9,1987.48,2025-05-11,North,Reseller,John Bailey,1704.94
SAL100578,Brett Harrington,Mouse,1,546.44,2025-01-11,North,Online,Sonia Kent,468.76
SAL100579,Joe Raymond,Monitor,7,1351.76,2025-01-04,East,Retail,Robert Wall,1159.6
SAL100580,Tiffany Hansen,Laptop,7,581.68,2024-07-24,Central,Retail,Christopher Velasquez,498.99
SAL100581,Daniel Wells,Laptop,4,1290.86,2025-01-03,Central,Online,Logan Anderson,1107.35
SAL100582,Christine Cross,Monitor,4,301.32,2025-06-11,West,Reseller,Ann Hubbard,258.48
SAL100583,Tracy Ward,Keyboard,7,708.85,2025-03-31,East,Retail,Rebecca Morrison,608.08
SAL100584,Gregory Martinez,Tablet,9,1982.01,2025-03-07,East,Retail,Kyle Osborne,1700.25
SAL100585,Megan Smith,Printer,1,181.0,2024-07-03,East,Retail,Rebekah Beasley,155.27
SAL100586,Joseph Johnson,Phone,2,527.36,2024-10-27,East,Online,Amanda Hess,452.39
SAL100587,Nicole Chapman,Camera,1,1808.77,2025-06-08,Central,Reseller,Ann Garrett,1551.64
SAL100588,Alexander Smith,Laptop,7,1671.86,2024-12-18,West,Online,Gabriel Woodward,1434.19
SAL100589,Olivia Duffy,Laptop,8,303.38,2025-01-12,South,Online,Jennifer Oliver,260.25
SAL100590,Marie Wright,Printer,1,145.92,2024-08-07,North,Online,Katie Jackson,125.18
SAL100591,Linda Reynolds DVM,Printer,4,846.72,2024-11-17,East,Retail,Preston Walter,726.35
SAL100592,Emily Hansen,Tablet,2,183.04,2024-10-05,Central,Reseller,Stacey Bennett,157.02
SAL100593,Stanley Sanchez,Camera,4,1637.39,2024-07-31,South,Online,Timothy Wilkerson,1404.62
SAL100594,Jennifer Johnson,Phone,2,1858.95,2025-03-14,West,Retail,Allison Sherman,1594.68
SAL100595,Olivia Townsend,Phone,9,526.05,2024-08-30,East,Reseller,Rhonda Eaton,451.27
SAL100596,Cameron Armstrong,Phone,4,1334.65,2025-05-29,East,Reseller,Angela Johnson,1144.92
SAL100597,Manuel Gomez,Mouse,9,1412.82,2025-03-30,Central,Retail,Mrs. Vanessa Munoz MD,1211.98
SAL100598,Amy Daniel,Tablet,3,1717.2,2025-03-28,North,Retail,Jennifer Newton,1473.09
SAL100599,Alexandra Watts,Monitor,6,1872.37,2025-01-14,South,Online,Austin May,1606.2
SAL100600,Julian Lloyd,Tablet,2,1024.75,2024-11-02,North,Retail,Kayla Casey,879.07
SAL100601,Jennifer Saunders,Keyboard,9,482.67,2025-01-04,Central,Online,Samantha Parker,414.05
SAL100602,Judith Shepherd,Tablet,7,1820.73,2025-03-15,South,Retail,Theresa Mercer,1561.9
SAL100603,Scott Houston,Camera,7,590.98,2024-10-22,West,Online,Jennifer Thompson,506.97
SAL100604,Dr. David Nguyen DDS,Keyboard,6,872.08,2025-06-05,North,Online,Christina Lane,748.11
SAL100605,Jon Williams,Phone,1,1496.14,2024-06-24,East,Retail,Shawn Hernandez,1283.45
SAL100606,David Lin,Monitor,4,973.2,2025-01-12,East,Reseller,Abigail Mercado,834.85
SAL100607,Doris Hamilton,Keyboard,9,751.61,2024-09-24,West,Online,Steven Wise,644.76
SAL100608,Frank Jones,Printer,8,1585.15,2025-02-20,Central,Reseller,Christopher Price,1359.81
SAL100609,Tammy Williams,Monitor,4,1144.58,2025-06-11,North,Online,David Williams,981.87
SAL100610,Amanda Welch,Keyboard,2,191.77,2024-09-05,East,Reseller,Michael Perkins,164.51
SAL100611,Kevin Hernandez,Monitor,3,833.32,2024-11-22,East,Online,Alexander Smith,714.86
SAL100612,Corey Hines,Mouse,3,358.2,2024-07-31,South,Online,Geoffrey Anderson,307.28
SAL100613,Kelly Montoya,Phone,1,110.92,2024-10-04,North,Online,Jennifer Sanders,95.15
SAL100614,Brooke Jacobs,Laptop,1,1772.48,2024-08-14,East,Online,Erin Brown,1520.51
SAL100615,Jerome Smith,Monitor,4,1990.29,2025-04-20,West,Retail,Derrick Fuller,1707.35
SAL100616,Shannon Erickson,Printer,7,795.37,2024-09-14,East,Retail,Debra Meyers,682.3
SAL100617,Candace Arnold,Printer,9,1493.43,2024-11-13,Central,Online,Ann Shelton,1281.13
SAL100618,Amanda Pham,Tablet,7,1660.94,2024-10-06,East,Online,Phillip Anderson,1424.82
SAL100619,Tanner Gonzalez,Mouse,7,221.92,2025-02-14,North,Online,Erin Garcia,190.37
SAL100620,Eric Dillon,Monitor,2,1934.58,2024-09-11,South,Online,Travis Williams,1659.56
SAL100621,Robert Baker,Mouse,7,276.2,2025-05-07,West,Retail,Claudia White,236.94
SAL100622,Perry Hawkins,Keyboard,5,573.95,2024-07-17,West,Reseller,Kimberly Jones,492.36
SAL100623,Jasmine Nichols,Tablet,4,188.02,2024-07-18,Central,Online,Marco Torres,161.29
SAL100624,Douglas Burke,Camera,5,1724.5,2025-03-10,North,Online,Lori Smith,1479.35
SAL100625,Jennifer Lewis,Keyboard,3,1402.5,2024-07-13,West,Retail,Alan Mayo,1203.12
SAL100626,Hayley Jenkins,Tablet,2,502.31,2025-01-10,Central,Online,Madison Cox,430.9
SAL100627,Ronald Brooks,Printer,5,1191.07,2024-09-20,Central,Online,Shane Christensen,1021.75
SAL100628,Rebecca Parker DDS,Keyboard,7,267.27,2025-03-11,North,Online,Christopher Lee,229.28
SAL100629,Andrew Williamson,Camera,5,552.73,2024-11-06,North,Online,Jennifer Howard,474.15
SAL100630,Monica Smith,Keyboard,8,1477.42,2025-01-22,West,Online,Robert Ellis,1267.39
SAL100631,Debra Walters,Camera,7,260.72,2024-10-13,East,Reseller,Melanie Moore,223.66
SAL100632,Mike Wilson,Keyboard,9,460.66,2025-02-07,East,Retail,Robert Byrd,395.17
SAL100633,Alicia Wilson,Mouse,1,889.14,2024-12-12,West,Retail,Rebecca Crane,762.74
SAL100634,Christopher Bryan,Mouse,5,238.47,2024-11-28,Central,Retail,Jacqueline Lee,204.57
SAL100635,Daniel Pierce,Tablet,5,1893.52,2025-02-06,North,Reseller,Sean Frazier,1624.34
SAL100636,Susan Ruiz,Keyboard,3,1215.45,2024-09-22,Central,Reseller,Tyler Coleman,1042.66
SAL100637,Peter Smith,Monitor,9,1172.57,2024-09-15,East,Online,Melissa Bradford,1005.88
SAL100638,Richard Carpenter,Tablet,6,190.43,2025-03-30,South,Reseller,Alyssa Schultz,163.36
SAL100639,Penny Johnson,Laptop,5,647.02,2025-04-17,East,Retail,Andrew Jennings,555.04
SAL100640,Joseph Martin,Mouse,4,587.36,2024-08-06,Central,Online,Kendra Mckinney,503.86
SAL100641,Richard Jacobs,Tablet,7,298.28,2024-11-04,South,Retail,Shelby Anderson,255.88
SAL100642,Stacey Campbell,Monitor,4,707.71,2024-10-04,Central,Reseller,Christina Ross,607.1
SAL100643,Katrina Brown,Laptop,1,1165.62,2025-03-08,Central,Reseller,Nicholas Byrd,999.92
SAL100644,Jacqueline Sanchez,Printer,3,1968.19,2025-02-02,South,Reseller,Tyler Walker,1688.39
SAL100645,Kathleen Fisher,Phone,8,1263.23,2025-01-03,East,Retail,Denise Novak,1083.65
SAL100646,Ellen Carrillo,Mouse,1,986.36,2025-02-20,South,Reseller,Stanley Graves,846.14
SAL100647,Ashley Myers,Keyboard,6,142.64,2024-10-22,South,Reseller,Trevor Thompson,122.36
SAL100648,Mrs. Jessica Wells,Camera,3,1056.67,2025-05-17,West,Online,Eric Newman,906.46
SAL100649,Cindy Adams,Monitor,2,1467.25,2024-08-16,Central,Online,Amanda Smith,1258.67
SAL100650,Jennifer Gentry,Mouse,3,719.21,2025-02-25,South,Retail,Gwendolyn Gates,616.97
SAL100651,Deborah Thomas,Mouse,4,1718.92,2024-07-19,West,Reseller,Jared Miller,1474.56
SAL100652,Courtney Blake,Camera,4,1001.09,2024-10-08,North,Retail,Reginald Nichols,858.78
SAL100653,Regina Lester,Laptop,8,370.88,2025-04-27,West,Reseller,Jon Contreras,318.16
SAL100654,Joseph Jones,Mouse,9,1756.01,2024-08-02,South,Online,Kevin Green,1506.38
SAL100655,Kristy Perez,Printer,2,1132.24,2025-04-29,North,Reseller,Virginia Cherry,971.28
SAL100656,Robert Henry,Laptop,2,969.26,2024-10-05,East,Online,Stephanie Watson,831.47
SAL100657,Shelley Higgins,Keyboard,5,860.94,2025-05-13,North,Retail,Jennifer Elliott,738.55
SAL100658,Ivan Nguyen DVM,Phone,1,674.68,2025-03-13,East,Online,James Villarreal,578.77
SAL100659,Claudia Reynolds,Keyboard,9,233.19,2025-01-05,Central,Retail,Eric Taylor,200.04
SAL100660,Peter Gray,Monitor,1,400.48,2025-03-01,East,Online,Nicole Allen,343.55
SAL100661,Cathy Atkins,Phone,3,1064.34,2024-09-16,North,Retail,Jennifer Hopkins,913.03
SAL100662,Matthew Sellers,Tablet,1,754.48,2025-04-26,Central,Reseller,Matthew Taylor,647.22
SAL100663,Brenda Griffin,Tablet,6,1830.0,2025-01-26,North,Reseller,Richard Brown,1569.85
SAL100664,Robert Ramirez,Keyboard,8,642.82,2025-04-19,East,Online,Richard Guerrero,551.44
SAL100665,Tracy Arias,Laptop,5,188.77,2025-05-21,South,Retail,Kyle Carroll,161.93
SAL100666,Tricia Smith,Keyboard,3,793.99,2025-04-17,South,Retail,John Barber,681.12
SAL100667,Jasmine Morales,Keyboard,7,1335.75,2025-03-19,East,Reseller,Anne Decker,1145.86
SAL100668,Daniel Burgess,Keyboard,5,1575.58,2024-08-30,Central,Retail,John Foster,1351.6
SAL100669,Michael Williams,Mouse,4,1084.36,2024-12-20,North,Reseller,Allen Gutierrez,930.21
SAL100670,Ryan Mills,Mouse,9,789.9,2024-07-17,North,Retail,Robert Goodman,677.61
SAL100671,Amy Clark,Phone,7,527.08,2024-08-24,East,Online,Christopher Rogers,452.15
SAL100672,Katherine Campbell,Laptop,8,1016.13,2024-10-20,North,Reseller,Cheryl Jennings,871.68
SAL100673,Amy Ramirez,Tablet,2,466.11,2025-01-07,East,Retail,Ian Stevenson,399.85
SAL100674,Ana Cruz,Keyboard,2,1290.43,2024-08-31,South,Online,Michael West,1106.98
SAL100675,Jessica Frank,Tablet,8,861.81,2025-05-15,South,Retail,Christopher Walsh,739.3
SAL100676,Jason Ellis,Mouse,6,782.97,2025-05-22,East,Online,James Bruce,671.66
SAL100677,Ruben Anderson,Camera,1,809.85,2024-08-02,East,Retail,Paul Cervantes,694.72
SAL100678,Lori Hopkins,Mouse,3,1087.05,2024-12-18,North,Retail,Daniel Butler,932.52
SAL100679,Katherine Black,Camera,6,373.81,2024-07-11,West,Online,Aaron Thomas,320.67
SAL100680,Luke Choi,Laptop,6,1154.12,2024-07-23,North,Reseller,Daniel Yu,990.05
SAL100681,Eric Davis,Camera,7,1001.56,2025-01-28,Central,Reseller,Juan Cruz,859.18
SAL100682,Ann Hill,Tablet,4,907.35,2024-12-25,West,Reseller,Nathan Hunter,778.36
SAL100683,Douglas Walker,Mouse,6,1551.26,2025-05-14,North,Reseller,Jordan Cox,1330.74
SAL100684,Christopher Simmons,Phone,9,1782.55,2024-09-19,Central,Retail,Dana Evans,1529.15
SAL100685,Adriana Reed,Monitor,9,1797.83,2024-12-03,North,Online,Elizabeth Shaw,1542.25
SAL100686,Melissa Ayala,Keyboard,9,1621.92,2024-12-30,West,Online,Erin Smith,1391.35
SAL100687,Martin Carter,Keyboard,6,975.25,2025-02-04,North,Reseller,Angela Dominguez,836.61
SAL100688,Nicole Crosby,Printer,2,1407.55,2024-08-12,North,Reseller,Natasha Kelly,1207.45
SAL100689,Sandra Gonzalez,Camera,1,246.52,2025-04-05,North,Online,Patrick Meyers,211.48
SAL100690,Mariah Rodriguez,Phone,8,275.75,2025-01-28,West,Retail,Jessica Salazar,236.55
SAL100691,Ronald Parker,Keyboard,1,804.34,2025-05-19,West,Reseller,Tiffany Gutierrez,690.0
SAL100692,Monica Johnson,Camera,8,233.79,2025-03-24,East,Retail,David Henderson,200.55
SAL100693,Lorraine Wilson,Monitor,3,983.19,2025-02-07,Central,Online,Elizabeth Thompson,843.42
SAL100694,Lori Gibson,Camera,7,650.44,2024-09-25,East,Retail,Sandra Huff,557.97
SAL100695,Sherry Hill MD,Keyboard,1,502.98,2025-04-27,Central,Reseller,Sherry Jensen,431.48
SAL100696,Billy Davis,Printer,7,1200.29,2024-08-06,North,Reseller,Olivia Blair,1029.66
SAL100697,Jonathan Craig,Monitor,9,1176.46,2025-01-20,South,Online,James Jackson,1009.22
SAL100698,Angela Riddle,Laptop,7,1625.76,2024-06-28,West,Reseller,Justin Baker,1394.64
SAL100699,John Holmes,Tablet,6,1946.22,2025-05-02,Central,Reseller,Kristen Guerrero,1669.55
SAL100700,Tracy Bailey,Laptop,6,516.26,2024-10-25,Central,Reseller,Eric Chavez,442.87
SAL100701,April Kidd,Laptop,9,772.34,2025-05-14,Central,Online,Alisha Keller,662.55
SAL100702,Sara Lucas,Phone,5,953.36,2025-01-17,South,Online,Steven Griffin,817.83
SAL100703,Chelsey Santos,Camera,4,258.92,2024-10-09,East,Reseller,Crystal Jacobson,222.11
SAL100704,Kathryn Townsend,Camera,2,1388.84,2024-06-17,North,Online,James Campbell,1191.4
SAL100705,Carlos Sanchez,Tablet,7,1771.24,2024-10-14,West,Reseller,Brian Davis,1519.44
SAL100706,Andrew Hess,Laptop,3,733.86,2024-12-03,East,Online,Lee Hurst,629.54
SAL100707,Andrea Harrison,Mouse,8,1236.01,2024-10-28,Central,Online,Jeffrey Davis,1060.3
SAL100708,Cynthia Barrett,Laptop,1,302.37,2024-10-12,Central,Retail,Matthew Anderson,259.39
SAL100709,Amanda Brown,Tablet,1,1976.48,2025-02-23,Central,Retail,Laura Gray,1695.51
SAL100710,Crystal Lucas,Keyboard,1,392.12,2025-02-09,South,Online,Anna Jacobs,336.38
SAL100711,Dr. Teresa Jones,Keyboard,6,1237.77,2025-03-23,South,Reseller,Kelly Moore,1061.81
SAL100712,Renee Brown,Phone,3,692.14,2025-03-25,Central,Retail,Danielle Coleman,593.75
SAL100713,Danielle Rice,Camera,6,1728.19,2025-05-21,East,Retail,Joseph Shepherd,1482.51
SAL100714,Dawn Garcia,Tablet,2,952.67,2024-12-07,South,Retail,Michael Brown,817.24
SAL100715,Danielle Fuentes,Tablet,3,1727.51,2024-08-06,South,Retail,Theresa Dudley,1481.93
SAL100716,Theresa Cline,Laptop,8,1589.54,2024-09-04,East,Online,Robert Davis,1363.57
SAL100717,Jennifer Erickson,Mouse,6,1183.54,2024-08-30,Central,Online,Alexandria Bright,1015.29
SAL100718,Jennifer Baker,Laptop,5,614.66,2024-08-05,West,Online,Jerry Myers,527.28
SAL100719,Edward Watson,Camera,3,1703.13,2024-11-13,North,Online,Suzanne Brown,1461.02
SAL100720,Jerry Alvarez,Monitor,7,578.56,2025-02-24,North,Online,Susan Beck,496.31
SAL100721,Martin Alexander,Laptop,2,462.44,2024-10-17,North,Online,Andrew Gray,396.7
SAL100722,Daniel Simpson,Phone,7,1300.59,2025-03-31,West,Reseller,William Good,1115.7
SAL100723,Marilyn Gomez,Tablet,1,296.64,2024-09-01,North,Reseller,Ronnie Schneider,254.47
SAL100724,Todd Lopez,Printer,2,1834.82,2024-11-18,Central,Reseller,Jose Jones,1573.98
SAL100725,Tyler Perez,Camera,6,1629.76,2024-11-22,Central,Reseller,Jacob Hensley II,1398.08
SAL100726,Trevor Kelly,Tablet,9,1432.52,2024-08-10,South,Online,Shelby Ward,1228.87
SAL100727,David Phillips,Printer,7,185.33,2025-05-05,West,Online,Paige Welch,158.98
SAL100728,Julie Cox,Tablet,3,264.32,2024-06-18,East,Reseller,Walter Jones,226.74
SAL100729,Paula Huerta,Laptop,9,1220.98,2025-03-15,Central,Retail,Paul Rios,1047.41
SAL100730,Steven Neal,Laptop,1,1020.42,2025-05-16,South,Reseller,Daniel Myers,875.36
SAL100731,Eric Smith,Camera,5,423.2,2025-02-03,North,Reseller,Kara Bowen,363.04
SAL100732,Jimmy Carter,Printer,5,304.9,2025-01-05,Central,Retail,Thomas Torres,261.56
SAL100733,Juan Garcia,Tablet,5,576.1,2024-10-16,North,Retail,Robert Burns,494.2
SAL100734,Marco Johnson,Monitor,6,669.89,2024-06-30,South,Reseller,Daniel Bond,574.66
SAL100735,Jenna White,Mouse,5,1074.68,2025-03-11,West,Reseller,Michelle Phillips,921.9
SAL100736,Terry Heath,Tablet,8,1649.36,2025-02-02,North,Retail,Kyle Johnson,1414.89
SAL100737,Annette Maldonado,Printer,4,312.05,2024-11-25,West,Reseller,Jack Vincent,267.69
SAL100738,Stephanie Brown,Keyboard,4,1220.31,2024-11-17,West,Retail,Christopher Petersen,1046.83
SAL100739,Sheila Fletcher,Phone,9,1898.8,2025-05-25,West,Reseller,Jesus Coleman,1628.87
SAL100740,Diane Wagner,Printer,2,191.73,2024-09-06,North,Retail,Tiffany Hernandez,164.47
SAL100741,Lauren Mooney,Keyboard,6,1436.77,2024-10-15,South,Online,Brenda Kelley,1232.52
SAL100742,Suzanne Hinton,Keyboard,2,908.0,2024-11-01,South,Online,Lauren Bailey,778.92
SAL100743,Douglas Webb,Keyboard,9,1608.09,2024-09-18,West,Retail,Christian Green,1379.49
SAL100744,Johnny Lee,Camera,6,146.35,2024-09-21,South,Retail,Christine Lang,125.55
SAL100745,Bryan Ruiz,Keyboard,6,1660.93,2024-12-09,Central,Retail,David Mills,1424.81
SAL100746,James Bailey,Tablet,6,169.39,2024-10-14,South,Online,Larry Henderson,145.31
SAL100747,Shari Perez,Monitor,5,1295.88,2025-02-14,South,Reseller,Mark Pearson,1111.66
SAL100748,Jordan Sanders,Keyboard,7,1405.87,2024-06-24,Central,Retail,Morgan Ramirez,1206.01
SAL100749,Lance Williams,Monitor,7,1617.38,2025-01-29,East,Reseller,Michael Thomas,1387.46
SAL100750,Stephanie Martinez,Camera,8,949.19,2024-10-23,East,Reseller,Mindy Harper,814.25
SAL100751,Carrie Phillips,Camera,2,1238.25,2025-01-23,West,Retail,Rhonda Gonzalez,1062.22
SAL100752,Michael Torres,Tablet,7,199.33,2024-10-18,East,Online,Colleen Reed,170.99
SAL100753,Rebecca Dunn,Tablet,3,1471.84,2025-02-09,East,Retail,Faith Davis,1262.61
SAL100754,Jennifer Hodge,Phone,6,1160.22,2025-03-06,North,Retail,Arthur Thompson,995.28
SAL100755,Jose Charles,Tablet,9,935.21,2025-03-15,East,Retail,Rachel Smith,802.26
SAL100756,Cynthia Johnson,Phone,8,901.76,2025-01-16,West,Retail,Jacob Miles,773.57
SAL100757,Joseph Cruz,Laptop,5,1981.37,2025-01-27,South,Online,Charles Glover,1699.7
SAL100758,Sonya Delacruz,Monitor,5,1364.22,2025-05-02,West,Online,Christopher Park,1170.28
SAL100759,Christian Thompson,Laptop,7,1465.35,2025-03-28,East,Reseller,Drew Sanchez,1257.04
SAL100760,Jordan Bishop,Monitor,8,1762.72,2024-10-02,West,Online,Adam Contreras,1512.13
SAL100761,Deborah Munoz,Phone,4,100.45,2024-12-14,North,Retail,Kelsey Hernandez,86.17
SAL100762,Michael Mora,Mouse,3,533.02,2025-01-11,South,Reseller,Justin Bernard,457.25
SAL100763,Brianna Reynolds MD,Monitor,3,1983.96,2024-11-24,North,Online,Brandi Burke,1701.92
SAL100764,Melanie Reid,Mouse,6,1845.53,2024-09-28,North,Reseller,Robert Howard,1583.17
SAL100765,Michael Edwards,Phone,9,346.71,2025-03-04,North,Online,Robert Rogers,297.42
SAL100766,Nicole Rodriguez,Printer,2,1376.85,2024-09-27,Central,Reseller,Travis Tran,1181.12
SAL100767,Linda Turner,Monitor,8,196.77,2025-02-07,West,Reseller,Patricia Dixon,168.8
SAL100768,Kelly Allen,Phone,9,1958.5,2024-11-28,East,Online,Christine Richardson,1680.08
SAL100769,David Garcia,Phone,8,1562.26,2024-06-19,North,Reseller,John Jimenez,1340.17
SAL100770,Kyle Adams,Monitor,5,1982.49,2024-11-01,West,Retail,Jon Sherman,1700.66
SAL100771,Sandy Juarez,Monitor,5,1550.58,2024-08-05,Central,Reseller,Vanessa Howard,1330.15
SAL100772,Kelsey Taylor,Camera,9,689.16,2024-12-31,North,Reseller,Michael Castillo,591.19
SAL100773,Jessica Sanchez,Tablet,7,772.32,2024-09-06,South,Reseller,Lisa Wood,662.53
SAL100774,Stephanie Bullock,Keyboard,4,1599.36,2024-08-01,Central,Reseller,Carlos Cobb,1372.0
SAL100775,Reginald Singh,Camera,6,280.77,2024-09-15,South,Reseller,Vernon Walker,240.86
SAL100776,Mark Perez,Monitor,8,1579.98,2024-10-04,North,Retail,Eileen Craig,1355.37
SAL100777,Jeffrey Schwartz,Monitor,2,289.1,2025-03-03,Central,Retail,James Garcia,248.0
SAL100778,Amber Schneider,Phone,5,1958.69,2024-10-25,South,Reseller,Deanna Mendez,1680.25
SAL100779,Jason Stark,Camera,3,825.49,2025-04-08,West,Online,Amy Riddle,708.14
SAL100780,Spencer Bryant,Phone,6,1232.32,2024-06-17,West,Online,Stacey Cook,1057.14
SAL100781,Maureen Brewer,Keyboard,1,867.03,2025-02-28,South,Online,Kaylee Hunter,743.77
SAL100782,David Jones,Phone,4,1887.72,2024-10-16,East,Online,William Mann,1619.36
SAL100783,Cody Schaefer,Monitor,3,726.11,2025-03-18,West,Online,Olivia May,622.89
SAL100784,Connor Reynolds,Keyboard,8,530.13,2025-03-23,West,Retail,Sean Austin,454.77
SAL100785,Craig Brown,Mouse,1,1307.43,2025-02-21,East,Retail,Amanda Brown,1121.57
SAL100786,Tamara Sullivan,Phone,7,1019.28,2024-06-19,South,Online,Laura Spencer,874.38
SAL100787,Jeffrey Stone,Tablet,5,703.41,2025-06-09,West,Online,Mary Mcdonald,603.41
SAL100788,Valerie Carroll,Phone,8,1140.88,2025-05-21,North,Online,Michael Ferguson,978.69
SAL100789,Mary Hansen,Keyboard,5,1113.68,2024-08-15,Central,Online,Joshua Martin,955.36
SAL100790,Jaime Morgan,Mouse,6,708.5,2025-05-07,West,Reseller,Catherine Clark,607.78
SAL100791,Emily Brown,Printer,9,935.69,2025-04-04,West,Reseller,Jennifer Osborne,802.67
SAL100792,Patricia Rivera,Laptop,9,1801.04,2024-11-02,South,Online,Donald Stein,1545.01
SAL100793,Dustin Mueller,Monitor,8,1639.16,2024-11-18,South,Retail,Henry Schneider,1406.14
SAL100794,Mathew Ferrell,Printer,4,1876.18,2024-08-20,Central,Retail,Larry Johnson,1609.46
SAL100795,Denise Edwards,Keyboard,6,320.57,2024-10-27,North,Retail,Rebecca Edwards,275.0
SAL100796,Stacey Perkins,Tablet,3,669.24,2024-08-25,South,Online,Cynthia Cameron DVM,574.1
SAL100797,Grace Waller,Printer,6,1743.02,2025-05-22,West,Online,Debbie Jones,1495.23
SAL100798,Charles Hardy,Monitor,4,360.24,2024-08-01,East,Reseller,John Smith,309.03
SAL100799,Bryan Wiley,Keyboard,1,368.34,2025-04-07,South,Online,Denise Hernandez,315.98
SAL100800,Brian Suarez,Mouse,7,296.03,2024-07-01,West,Reseller,Shannon Tapia,253.95
SAL100801,John Adkins,Printer,9,1962.57,2024-11-04,East,Reseller,Sara Kim,1683.57
SAL100802,Shirley Davis,Camera,4,1261.35,2025-05-24,West,Online,Brenda Price,1082.04
SAL100803,Michael Barajas,Printer,1,1199.15,2024-12-29,South,Online,Melissa Randolph MD,1028.68
SAL100804,Erica Jenkins,Keyboard,3,120.06,2024-12-22,South,Reseller,Taylor Patel,102.99
SAL100805,Crystal Thomas,Laptop,2,583.92,2024-09-11,South,Reseller,Jocelyn Cook,500.91
SAL100806,Sandra Smith,Laptop,7,1884.37,2025-02-11,North,Retail,Francisco Olson,1616.49
SAL100807,Jeffrey Dennis,Phone,8,790.9,2025-04-12,East,Online,Chelsea Schwartz,678.47
SAL100808,Matthew Donovan,Monitor,1,1574.59,2025-02-24,South,Reseller,Terry Delgado,1350.75
SAL100809,Kelly James,Phone,8,1820.91,2024-09-20,South,Reseller,Michael Smith,1562.05
SAL100810,Anne Scott,Laptop,7,886.2,2024-07-06,North,Reseller,Connie Daniel PhD,760.22
SAL100811,Christopher Brown,Tablet,9,531.08,2025-02-24,East,Retail,David Mcdonald,455.58
SAL100812,Heather Larson,Mouse,1,1783.12,2024-07-15,East,Reseller,Kimberly Johnson,1529.63
SAL100813,Cameron Coleman,Mouse,9,871.12,2025-05-04,West,Retail,Jeffrey Shepherd,747.28
SAL100814,Christine Sanchez,Printer,6,810.13,2025-02-28,West,Retail,Robert Thompson,694.96
SAL100815,Jennifer Ingram,Printer,3,799.87,2025-04-08,South,Reseller,William Drake,686.16
SAL100816,Nicholas Chen,Mouse,3,1626.91,2024-08-28,West,Retail,Lauren Scott,1395.63
SAL100817,Teresa Barr,Tablet,2,1444.27,2025-04-13,North,Retail,Mario Wolfe,1238.95
SAL100818,Mark Weeks,Camera,2,1557.33,2024-08-17,West,Retail,Julie Bolton,1335.94
SAL100819,Seth Shaw,Mouse,5,1214.46,2024-09-19,South,Online,Crystal Acosta,1041.81
SAL100820,Paul Sanders,Phone,3,1841.3,2025-02-25,East,Reseller,Linda Smith,1579.54
SAL100821,Zachary Garrett,Monitor,3,859.31,2024-07-18,North,Reseller,Christopher Fitzgerald,737.15
SAL100822,Natalie Parks,Printer,1,1380.3,2025-02-19,North,Online,Kyle Parker,1184.08
SAL100823,April Davis,Mouse,5,1767.86,2025-02-06,Central,Reseller,Nancy Casey,1516.54
SAL100824,Amy Pierce,Camera,4,554.15,2024-11-14,East,Online,Adam Ellis,475.37
SAL100825,Christine Rodriguez,Mouse,8,1111.71,2024-12-02,North,Retail,Shawn Peterson,953.67
SAL100826,Derrick Scott,Mouse,8,769.96,2025-05-11,West,Retail,Troy Cortez,660.5
SAL100827,Arthur Vasquez,Mouse,3,1070.21,2025-03-22,West,Online,Kenneth Nicholson,918.07
SAL100828,Edward Johnson,Mouse,8,896.03,2024-09-06,East,Retail,Jose Castro,768.65
SAL100829,Heidi Ford,Camera,2,970.62,2024-08-01,West,Reseller,Tina Salazar,832.64
SAL100830,Lawrence Hoffman,Keyboard,3,935.37,2025-02-08,Central,Reseller,Ronald Williams,802.4
SAL100831,Ricky Holden,Laptop,3,1681.1,2025-01-16,East,Online,Timothy Moreno,1442.12
SAL100832,Margaret Ramirez,Phone,3,1570.62,2025-06-05,North,Online,Kathleen Rodgers,1347.34
SAL100833,Andrew Hayes,Laptop,4,201.77,2024-09-22,East,Online,Richard Fisher,173.09
SAL100834,Gary Hart,Keyboard,2,852.61,2025-02-13,East,Reseller,Amanda Herrera,731.4
SAL100835,Robert Garcia,Tablet,1,680.95,2025-03-26,Central,Retail,Elizabeth Ruiz,584.15
SAL100836,Vanessa Zhang,Phone,9,1043.49,2025-02-07,Central,Reseller,Jessica Ward,895.15
SAL100837,Thomas Ayala,Printer,9,1971.28,2024-12-31,North,Online,Shawn Hale,1691.05
SAL100838,Diane Hill,Keyboard,7,152.45,2024-10-13,Central,Reseller,Sabrina Davis,130.78
SAL100839,Mrs. Angela Green MD,Laptop,7,1392.09,2025-04-15,Central,Retail,Maxwell Palmer,1194.19
SAL100840,Kathleen Herrera,Camera,3,904.37,2024-10-12,East,Retail,Jared Griffin,775.81
SAL100841,Kathleen Perry PhD,Printer,7,237.23,2025-04-23,South,Reseller,Brandon Miller,203.51
SAL100842,Frank Ross,Printer,8,1257.09,2025-04-11,East,Online,Frank Cruz,1078.38
SAL100843,Douglas Manning,Laptop,5,726.98,2025-02-15,Central,Reseller,Todd Brooks,623.63
SAL100844,Erin Moore,Phone,2,1597.23,2025-04-11,Central,Retail,Christian Anderson,1370.17
SAL100845,Angela Mclaughlin,Monitor,8,840.94,2024-10-02,South,Online,Sophia Davis,721.39
SAL100846,Jeffrey Marshall,Printer,1,566.98,2025-02-09,East,Online,Erin Phillips,486.38
SAL100847,Michelle Jenkins,Laptop,9,1526.04,2025-04-10,South,Retail,Jillian Morris,1309.1
SAL100848,Roger Snyder,Tablet,6,1602.09,2024-07-14,East,Retail,Jessica Cantrell,1374.34
SAL100849,Lisa Lee,Printer,5,1220.97,2024-07-10,North,Reseller,Debra Wagner,1047.4
SAL100850,Matthew Morales,Phone,8,893.11,2025-05-30,South,Retail,Amanda Wilson,766.15
SAL100851,Robert Lee,Phone,7,1771.76,2024-12-16,North,Retail,Daniel Hamilton,1519.89
SAL100852,Sandra Walker,Laptop,3,1468.78,2024-08-22,Central,Retail,Suzanne Johnson,1259.98
SAL100853,Katherine Zimmerman,Phone,8,1462.53,2025-03-02,North,Retail,Bradley Bennett,1254.62
SAL100854,Jennifer Stevenson,Printer,9,1241.97,2024-07-08,South,Retail,Timothy Anderson,1065.41
SAL100855,Deanna Schroeder,Tablet,4,517.9,2024-08-23,South,Retail,Bradley Browning,444.28
SAL100856,Aaron Garza,Monitor,3,1498.63,2025-04-25,West,Reseller,James Paul,1285.59
SAL100857,Nichole Tyler,Tablet,9,1388.59,2025-06-09,North,Reseller,Jim Davis,1191.19
SAL100858,Michael Woodward,Monitor,9,1199.74,2024-10-04,South,Reseller,Scott Bradley,1029.19
SAL100859,Ronald Cain,Phone,2,1879.71,2025-03-20,North,Reseller,Diane Brown,1612.49
SAL100860,Cindy Wilkinson,Tablet,5,1858.28,2025-01-18,North,Reseller,Brian Green,1594.11
SAL100861,Heather Frey,Laptop,1,1231.78,2025-04-01,Central,Retail,Christopher Friedman,1056.67
SAL100862,Lisa Peterson,Keyboard,6,1011.78,2025-05-18,West,Online,Patricia Henderson,867.95
SAL100863,Andrea Stout,Keyboard,2,225.11,2025-06-07,Central,Online,Craig Rivera,193.11
SAL100864,Jesse Cruz DDS,Laptop,6,295.04,2025-05-26,Central,Retail,Jeffrey Mata,253.1
SAL100865,Hannah Ayers,Monitor,4,1933.43,2024-12-11,East,Online,Ann Kelly,1658.58
SAL100866,Michael Shields,Tablet,1,392.53,2024-10-06,South,Online,Christina Peters,336.73
SAL100867,Melissa Cummings,Printer,5,862.55,2024-12-16,North,Retail,Tyler Stuart,739.93
SAL100868,Brandon Mitchell,Mouse,6,495.53,2024-06-27,South,Online,Joshua Hernandez,425.09
SAL100869,Alexandra Hoffman,Phone,5,1466.91,2024-09-02,Central,Reseller,James Mitchell,1258.38
SAL100870,Jason Richardson,Phone,5,700.4,2025-06-01,North,Online,Terry Robinson,600.83
SAL100871,Michael Nielsen,Monitor,9,1826.43,2025-02-03,Central,Retail,Kenneth Strickland,1566.79
SAL100872,Kimberly Reed,Phone,2,936.72,2025-02-08,West,Retail,Alexandra Herman,803.56
SAL100873,Dustin Doyle,Monitor,9,1679.84,2025-02-12,West,Online,Patrick Bowman,1441.04
SAL100874,Kyle Thomas,Phone,3,205.71,2024-10-09,Central,Reseller,Jim Macias,176.47
SAL100875,Alicia Gonzalez,Printer,6,241.55,2024-09-09,East,Reseller,Ricky Martin,207.21
SAL100876,Sarah Williams,Mouse,8,1778.14,2025-05-18,South,Reseller,Brittany Morales,1525.36
SAL100877,Nicholas Wilson,Camera,9,1527.49,2025-01-26,West,Retail,Sonya Jackson,1310.34
SAL100878,Chad Gutierrez,Keyboard,5,1249.76,2025-04-04,South,Retail,Michael Price,1072.1
SAL100879,Tiffany Wagner,Camera,2,1696.16,2024-09-21,North,Retail,Jordan Johnson,1455.04
SAL100880,Richard Jones,Keyboard,7,1576.98,2025-04-05,South,Reseller,Robert Berry,1352.8
SAL100881,Jessica Scott,Phone,9,1487.0,2024-10-06,East,Online,Jason Cruz,1275.61
SAL100882,Yolanda Vaughan,Phone,8,269.36,2024-08-04,South,Retail,Toni Valdez,231.07
SAL100883,Susan Stewart,Printer,1,1648.5,2024-12-19,North,Online,Matthew Ward,1414.15
SAL100884,Christie Quinn,Phone,9,889.47,2024-11-30,Central,Retail,Joseph Lewis,763.02
SAL100885,Edward Wilcox,Monitor,5,535.38,2024-07-13,East,Reseller,Paula Nelson,459.27
SAL100886,Amber Mercer,Printer,1,1053.06,2024-07-07,East,Reseller,Lisa Taylor,903.36
SAL100887,Kimberly Aguilar,Tablet,7,1719.37,2025-06-11,East,Reseller,James Arias,1474.95
SAL100888,Erica Davenport,Phone,8,1167.04,2025-05-14,West,Online,Heather Williams,1001.14
SAL100889,Rhonda Cervantes,Keyboard,9,695.57,2025-04-24,North,Online,Sandra Simpson,596.69
SAL100890,Kristen Adams,Mouse,5,291.03,2024-09-29,East,Online,Jessica Hunter,249.66
SAL100891,Andrea Gonzales MD,Monitor,7,1277.55,2025-03-14,East,Reseller,Donna Carpenter,1095.94
SAL100892,Nancy King,Keyboard,4,1322.87,2025-05-23,Central,Online,Emily Brown,1134.81
SAL100893,Jerome Sparks,Laptop,5,1715.47,2025-03-05,Central,Online,Michael Martin,1471.6
SAL100894,Douglas Crosby,Keyboard,2,1586.08,2025-03-11,West,Reseller,Margaret Richardson,1360.61
SAL100895,Mary Young,Mouse,3,878.24,2024-12-16,South,Retail,Samuel Robinson,753.39
SAL100896,Angela Weeks,Monitor,8,1149.36,2024-08-17,Central,Reseller,Patrick Clark,985.97
SAL100897,Lauren Collins,Laptop,2,198.96,2024-09-08,Central,Retail,Veronica Harrison,170.68
SAL100898,Travis Wells,Keyboard,3,1746.6,2025-01-30,Central,Retail,Jessica Lopez,1498.31
SAL100899,Kevin George,Laptop,7,1462.58,2024-06-26,East,Online,Eric Wright,1254.66
SAL100900,Sean Adams,Mouse,2,791.5,2025-02-21,South,Reseller,Shannon Manning,678.98
SAL100901,Catherine Glover,Printer,5,1135.65,2024-07-26,East,Online,Stephanie Evans,974.21
SAL100902,Anthony Day,Phone,2,109.76,2024-07-12,South,Retail,Douglas West,94.16
SAL100903,Heather Nixon,Tablet,2,518.77,2025-05-02,West,Reseller,Andrew Wilson,445.02
SAL100904,Angela Holloway,Printer,1,1873.27,2025-03-22,Central,Retail,Brian Vaughn,1606.97
SAL100905,Morgan Adams,Camera,6,1005.88,2024-07-21,East,Reseller,Jeffrey Peterson,862.89
SAL100906,Raymond Ross,Printer,9,710.97,2024-07-28,Central,Online,Kevin Mendez,609.9
SAL100907,Stacy Tate,Phone,9,936.23,2025-03-10,North,Online,Lindsey Gutierrez,803.14
SAL100908,Mathew Martinez,Printer,4,297.78,2024-10-27,East,Online,Michael Orr,255.45
SAL100909,Cathy Wade,Mouse,5,260.99,2025-03-11,South,Reseller,Parker Kelly,223.89
SAL100910,Linda Carney,Laptop,2,1937.21,2024-09-30,North,Retail,Sandra Maldonado,1661.82
SAL100911,Cheryl Estrada,Keyboard,4,1432.46,2025-04-05,East,Reseller,Jeffrey Andersen,1228.82
SAL100912,James Robinson,Laptop,7,1848.45,2024-10-12,North,Online,Derek Simpson,1585.68
SAL100913,Jennifer Patel,Printer,7,1586.03,2025-03-15,West,Reseller,Robert Page,1360.56
SAL100914,Roberta Parsons,Keyboard,6,150.44,2025-01-21,North,Retail,Gregg Webster,129.05
SAL100915,Jonathan Merritt,Camera,5,894.64,2025-01-01,South,Reseller,Vicki Saunders,767.46
SAL100916,Jesse Blair,Mouse,2,1321.26,2024-09-15,South,Retail,Hailey Butler,1133.43
SAL100917,Angie Curtis,Camera,2,351.52,2024-08-19,Central,Online,Erica Taylor,301.55
SAL100918,Robert Jones,Mouse,3,1450.94,2024-08-24,West,Online,Michael Arias,1244.68
SAL100919,Larry Young,Camera,1,1028.21,2024-12-21,Central,Online,Melanie Cunningham,882.04
SAL100920,Laurie Hall,Tablet,8,988.44,2025-04-13,East,Online,Jeffrey Jones,847.92
SAL100921,Amanda Anderson,Printer,3,464.15,2025-03-25,East,Online,Victoria Gates,398.17
SAL100922,Katelyn Pratt,Mouse,1,949.63,2024-11-07,North,Reseller,Sarah Harrell,814.63
SAL100923,William Schmidt,Keyboard,2,1874.0,2025-05-06,Central,Retail,Gerald Martin,1607.59
SAL100924,Sarah Edwards,Monitor,4,1621.87,2025-03-12,North,Online,Joyce Brown,1391.31
SAL100925,Toni Collins,Phone,8,207.29,2024-10-08,East,Online,Melanie Davis,177.82
SAL100926,Peter Taylor,Monitor,7,1733.63,2024-09-02,West,Retail,Paul Ramirez,1487.18
SAL100927,Lisa Snow,Camera,9,1634.43,2024-09-29,Central,Reseller,Cindy Santiago,1402.08
SAL100928,Theresa Kelly,Monitor,3,992.11,2025-05-18,North,Online,Lindsey Allen,851.07
SAL100929,Sandra Barron,Tablet,4,507.24,2024-06-22,East,Reseller,Marcus Hernandez,435.13
SAL100930,Peter Rose,Tablet,1,1356.8,2025-01-14,Central,Retail,Timothy Medina,1163.92
SAL100931,Karen Burns,Printer,2,971.39,2025-02-05,North,Online,Amanda Barber,833.3
SAL100932,Jessica Robinson,Laptop,6,1255.21,2025-02-20,South,Reseller,Daniel Robertson,1076.77
SAL100933,Laura Gonzalez,Keyboard,6,1810.46,2024-09-09,South,Online,Eric Alvarado,1553.09
SAL100934,Travis Larson,Phone,1,503.29,2024-09-30,West,Retail,Emily Nelson,431.74
SAL100935,Anthony Adams,Phone,7,877.58,2024-06-13,North,Retail,Kimberly Oconnor,752.82
SAL100936,Randall Butler,Laptop,8,1681.08,2024-12-06,South,Online,Heidi West,1442.1
SAL100937,Stefanie Fitzgerald,Phone,9,1449.57,2025-03-20,Central,Reseller,Blake Perry,1243.5
SAL100938,Jane Peters,Printer,8,709.63,2024-08-15,East,Online,Joseph Zuniga,608.75
SAL100939,Kevin Miranda III,Phone,3,1044.48,2025-05-30,East,Retail,Lori Harper,896.0
SAL100940,Andrew Moyer,Printer,9,1358.94,2025-03-25,East,Reseller,Sara Barnes,1165.75
SAL100941,Jonathan Wyatt,Tablet,9,1411.42,2025-02-10,North,Retail,Brett Mcneil,1210.77
SAL100942,Mrs. Theresa Day,Laptop,7,197.32,2024-07-01,North,Retail,Kevin Fisher,169.27
SAL100943,Lisa Gardner,Phone,5,431.27,2025-05-02,East,Online,Eric Franklin,369.96
SAL100944,David Munoz,Monitor,8,1332.75,2025-01-09,Central,Retail,Holly Dominguez,1143.29
SAL100945,Sarah Harper,Tablet,3,1865.83,2024-07-09,Central,Reseller,Susan Cooper,1600.59
SAL100946,Jennifer Mason,Tablet,2,304.89,2024-08-24,West,Retail,Stuart Frazier,261.55
SAL100947,Daniel Butler Jr.,Tablet,8,496.87,2024-10-03,East,Retail,Monica Ruiz,426.24
SAL100948,Kathleen Cox,Phone,1,1879.57,2024-08-11,West,Reseller,Linda Dunlap,1612.37
SAL100949,Sheri Perry,Printer,1,694.71,2024-12-29,East,Reseller,Robin Dunn,595.95
SAL100950,Mallory Perry,Printer,2,975.98,2025-06-03,North,Retail,Monica Peterson,837.24
SAL100951,Jennifer Holden,Printer,3,1475.33,2024-07-15,West,Online,Christopher Sullivan,1265.6
SAL100952,Andrew Hunter,Tablet,5,208.69,2025-04-23,South,Online,Suzanne Nelson,179.02
SAL100953,Yesenia Jones,Keyboard,8,664.41,2025-03-21,West,Online,Christopher Wallace,569.96
SAL100954,Tiffany Moore,Tablet,2,285.05,2024-11-24,West,Reseller,Kimberly Patel,244.53
SAL100955,Ryan Watson,Mouse,7,665.68,2024-06-19,Central,Retail,Steven Collins,571.05
SAL100956,Bob Ponce,Camera,7,1870.94,2024-11-17,East,Retail,Cindy Leach,1604.97
SAL100957,Craig Hawkins,Camera,5,437.61,2024-10-23,Central,Online,Jennifer Monroe,375.4
SAL100958,Raymond Ferguson,Phone,9,977.8,2025-01-30,East,Retail,Cassandra Vaughan,838.8
SAL100959,David Lopez,Laptop,5,706.07,2025-02-04,East,Online,Carrie Hernandez,605.7
SAL100960,Jose Benson,Laptop,2,292.35,2024-09-21,West,Retail,Dana Jones,250.79
SAL100961,Brett Weaver,Phone,4,1369.39,2025-05-30,East,Reseller,Paul Fox,1174.72
SAL100962,Ryan Ball,Camera,2,661.39,2024-08-16,South,Reseller,Jamie Walker,567.37
SAL100963,Patricia Perez,Camera,6,1987.79,2024-09-16,East,Retail,Susan Gonzalez,1705.21
SAL100964,Maria Ramos,Printer,7,1679.54,2025-03-20,East,Retail,Cory Collins,1440.78
SAL100965,Renee Dalton,Keyboard,9,1870.02,2024-07-29,South,Online,William Smith,1604.18
SAL100966,Nicole Turner,Laptop,9,951.14,2025-03-12,South,Online,Charles Scott,815.93
SAL100967,Annette Sanders,Keyboard,6,1676.53,2024-09-24,West,Reseller,Nathaniel Jones,1438.2
SAL100968,Kimberly Elliott,Tablet,4,1345.98,2024-08-15,South,Retail,Christina Barber,1154.64
SAL100969,Dylan Best,Laptop,4,1441.12,2025-02-25,North,Retail,Nancy Lee,1236.25
SAL100970,John Shelton,Tablet,9,1902.24,2024-10-19,Central,Retail,Jeff Gonzalez,1631.82
SAL100971,Seth Fox,Tablet,9,1529.36,2024-10-05,North,Reseller,Shane Campbell,1311.95
SAL100972,Reginald Anderson,Keyboard,3,1687.38,2025-03-21,Central,Reseller,Donna Crawford,1447.5
SAL100973,Matthew Collins,Laptop,3,177.0,2025-01-14,East,Online,Kenneth Thomas,151.84
SAL100974,Matthew Spence,Tablet,4,1618.42,2025-04-30,East,Online,Mary Rivera,1388.35
SAL100975,Richard Madden,Camera,8,1260.98,2024-08-04,Central,Reseller,Alicia Hobbs,1081.72
SAL100976,William Elliott,Camera,9,535.09,2024-07-13,North,Retail,Kathryn Barnes,459.02
SAL100977,Amanda Collier,Mouse,5,1090.6,2025-06-08,Central,Online,Joshua Frederick,935.56
SAL100978,Melissa Sosa,Mouse,3,1813.7,2024-10-15,West,Reseller,Albert Jenkins,1555.87
SAL100979,Courtney Curtis,Mouse,6,1374.58,2025-02-09,East,Reseller,Jamie Potts,1179.17
SAL100980,Maxwell Harris,Printer,8,216.07,2024-08-31,North,Reseller,Allison Campbell,185.35
SAL100981,Ashley Holloway,Phone,7,1487.35,2024-11-02,North,Reseller,Dominique Sharp,1275.91
SAL100982,Dylan Mercer,Phone,9,1219.4,2024-09-15,West,Reseller,Samantha Heath,1046.05
SAL100983,Adam Bishop,Printer,7,1808.9,2025-03-23,South,Retail,Frank Hodges,1551.75
SAL100984,Lisa Anderson,Printer,7,1994.67,2024-11-15,West,Online,Jasmine Landry,1711.11
SAL100985,Johnathan Delacruz,Camera,8,1193.51,2024-11-26,West,Reseller,Kelly Taylor,1023.84
SAL100986,Joseph Holland,Camera,3,1371.61,2024-11-12,South,Retail,Eric Vega,1176.62
SAL100987,Rhonda Johnson,Monitor,5,1109.89,2024-10-02,East,Retail,Tami Weber,952.11
SAL100988,Roger Walker,Tablet,7,689.62,2024-11-10,North,Online,Ryan Lopez,591.58
SAL100989,Renee Jackson,Printer,1,1496.74,2024-07-17,Central,Reseller,Jennifer Williams,1283.97
SAL100990,Caroline Miller,Printer,6,1365.26,2024-10-27,North,Retail,Krista Robinson,1171.18
SAL100991,Tracy Wyatt,Printer,4,1695.0,2024-12-12,South,Retail,Rebecca Meyer,1454.04
SAL100992,Elizabeth Burns,Mouse,5,984.11,2024-11-22,East,Retail,Lisa Allen,844.21
SAL100993,Jose Spears,Mouse,3,1388.09,2025-02-25,West,Retail,Kristin Cox,1190.76
SAL100994,Sharon Yu,Tablet,9,973.65,2024-07-15,North,Reseller,Tracy Norton,835.24
SAL100995,Victoria Clark,Monitor,4,930.75,2024-09-26,West,Retail,Stephanie Stewart,798.44
SAL100996,Jeffrey Cruz,Phone,1,1649.66,2024-09-11,West,Retail,Michael Hall,1415.15
SAL100997,Laura Simmons,Keyboard,8,1294.67,2024-10-19,East,Reseller,Susan Cox,1110.62
SAL100998,William Schneider,Laptop,4,1966.88,2025-02-24,Central,Reseller,Kenneth Diaz,1687.27
SAL100999,Karla Cantu,Mouse,8,899.35,2025-01-18,South,Reseller,Angela Patterson,771.5
